{"schematics":[{"docType":1,"title":"VirtualKeyBoradMouse","dataStr":{"head":{"docType":"1","editorVersion":"6.3.22","c_para":{"Prefix Start":"1"},"c_spiceCmd":"null","hasIdFlag":true,"uuid":"7ad11280763e468493bb32fa61d49df3","x":"0","y":"0","importFlag":0,"transformList":""},"canvas":"CA~1000~1000~#FFFFFF~yes~#CCCCCC~5~1000~1000~line~5~pixel~5~0~0","shape":["LIB~0~-806~package`NONE`BOM_Manufacturer Part`?`spicePre`.`~~0~frame_lib_1~~~0~~yes~yes#@$T~N~0~-799~0~#000080~Arial~~~~~comment~NO~0~start~gge77~0~#@$T~P~1149~-821.5~0~#000080~Arial~~~~~comment~NO~0~start~gge76~0~#@$PT~M 206 -796 L 206 -806 M 206 -10 L 206 0 M 402 -796 L 402 -806 M 402 -10 L 402 0 M 598 -796 L 598 -806 M 598 -10 L 598 0 M 794 -796 L 794 -806 M 794 -10 L 794 0 M 990 -796 L 990 -806 M 990 -10 L 990 0 M 10 -600 L 0 -600 M 1139 -600 L 1149 -600 M 10 -404 L 0 -404 M 1139 -404 L 1149 -404 M 10 -208 L 0 -208 M 1139 -208 L 1149 -208 M 10 -12 L 0 -12 M 1139 -12 L 1149 -12~#880000~1~0~none~gge6~0~frame_tick#@$T~L~1.5~-698~0~#880000~~~~~~comment~A~1~start~gge7~0~frame_tick#@$T~L~1140.5~-698~0~#880000~~~~~~comment~A~1~start~gge9~0~frame_tick#@$T~L~1.5~-502~0~#880000~~~~~~comment~B~1~start~gge11~0~frame_tick#@$T~L~1140.5~-502~0~#880000~~~~~~comment~B~1~start~gge13~0~frame_tick#@$T~L~1.5~-306~0~#880000~~~~~~comment~C~1~start~gge15~0~frame_tick#@$T~L~1140.5~-306~0~#880000~~~~~~comment~C~1~start~gge17~0~frame_tick#@$T~L~1.5~-110~0~#880000~~~~~~comment~D~1~start~gge19~0~frame_tick#@$T~L~1140.5~-110~0~#880000~~~~~~comment~D~1~start~gge21~0~frame_tick#@$T~L~108~-797.5~0~#880000~~~~~~comment~1~1~start~gge23~0~frame_tick#@$T~L~108~-1.5~0~#880000~~~~~~comment~1~1~start~gge25~0~frame_tick#@$T~L~304~-797.5~0~#880000~~~~~~comment~2~1~start~gge27~0~frame_tick#@$T~L~304~-1.5~0~#880000~~~~~~comment~2~1~start~gge29~0~frame_tick#@$T~L~500~-797.5~0~#880000~~~~~~comment~3~1~start~gge31~0~frame_tick#@$T~L~500~-1.5~0~#880000~~~~~~comment~3~1~start~gge33~0~frame_tick#@$T~L~696~-797.5~0~#880000~~~~~~comment~4~1~start~gge35~0~frame_tick#@$T~L~696~-1.5~0~#880000~~~~~~comment~4~1~start~gge37~0~frame_tick#@$T~L~892~-797.5~0~#880000~~~~~~comment~5~1~start~gge39~0~frame_tick#@$T~L~892~-1.5~0~#880000~~~~~~comment~5~1~start~gge?~0~frame_tick#@$R~10~-796~~~1129~786~#880000~1~0~none~gge42~0~frame_innerbox#@$R~0~-806~~~1149~806~#880000~1~0~none~gge43~0~frame_outbox#@$R~694.99995~-90~~~444~80~#880000~1~0~none~gge44~0~frame_hitarea#@$PL~695.1 -50.75 1138.63 -50.75~#880000~1~0~none~gge45~0#@$PL~799.63 -30.75 1138.63 -30.75~#880000~1~0~none~gge46~0#@$PL~1059.61 -89.93 1059.63 -50.75~#880000~1~0~none~gge47~0#@$PL~1059.63 -50.75 1059.63 -30.75~#880000~1~0~none~gge48~0#@$T~L~699.99995~-77~0~#880000~~8pt~~~~comment~TITLE:~1~start~gge49~0~pinpart#@$T~L~757.62495~-64.41~0~#0000FF~~10pt~~~~comment~VirtualKeyBoardMouse~1~start~gge51~0~frame_title#@$T~L~1064.62495~-63.75~0~#880000~~8pt~~~~comment~REV:~1~start~gge53~0~pinpart#@$T~L~1102.62495~-63.75~0~#0000FF~~9pt~~~~comment~1.0~1~start~gge55~0~frame_version#@$T~L~804.62495~-15~0~#880000~~8pt~~~~comment~Date:~1~start~gge57~0~pinpart#@$T~L~851.62495~-14.52~0~#0000FF~~9pt~~~~comment~2020-04-10~1~start~gge59~0~frame_date#@$T~L~1063.62495~-35~0~#880000~~8pt~~~~comment~Sheet:~1~start~gge61~0~pinpart#@$T~L~1108.62495~-34.52~0~#0000FF~~9pt~~~~comment~1\/1~1~start~gge63~0~frame_sheet#@$T~L~943.62495~-14.75~0~#880000~~8pt~~~~comment~Drawn By:~1~start~gge65~0~pinpart#@$T~L~1008.63~-14.75~0~#0000FF~~9pt~~~~comment~HYH_17729826337~1~start~gge67~0~frame_drawn#@$T~L~804.62495~-36.75~0~#880000~~8pt~~~~comment~Company:~1~start~gge69~0~pinpart#@$PL~799.63 -50.75 799.63 -10.75~#880000~1~0~none~gge73~0","T~L~115~-740~0~#0000FF~~9pt~~~~comment~USB\u63a5\u53e3~1~start~gge79~0~pinpart","R~45~-755~~~190~115~#000000~1~0~none~gge81~0~","LIB~140~-695~package`MICRO-USB-SMD_67503-1020`BOM_Supplier`LCSC`BOM_Supplier Part`C136451`BOM_Manufacturer`MOLEX`BOM_Manufacturer Part`67503-1020`Contributor`LCSC`spicePre`U`spiceSymbolName`67503-1020`Package Display`No`~~0~gge158~cb23dee850954781ab6b8948c0c63b3b~093f5d76db744fb7a7fb649d47817c5e~0~7e915c38fada6854~yes~yes#@$T~N~127.8125~-728.28125~0~#000080~Arial~~~~~comment~67503-1020~0~start~gge258~0~pinpart#@$T~P~127.8203125~-737.140625~0~#000080~Arial~~~~~comment~USB1~0~start~gge259~0~pinpart#@$R~95~-725~2~2~80~60~#880000~1~0~none~gge163~0~#@$E~100~-720~1.5~1.5~#880000~1~0~#880000~gge164~0#@$P~show~0~1~85~-715~180~gge165~0^^85~-715^^M 85 -715 h 10~#880000^^1~98.7~-711~0~VBUS~start~~~#0000FF^^1~94.5~-716~0~1~end~~~#0000FF^^0~92~-715^^0~M 95 -712 L 98 -715 L 95 -718#@$P~show~0~2~85~-705~180~gge172~0^^85~-705^^M 85 -705 h 10~#880000^^1~98.7~-701~0~D-~start~~~#0000FF^^1~94.5~-706~0~2~end~~~#0000FF^^0~92~-705^^0~M 95 -702 L 98 -705 L 95 -708#@$P~show~0~3~85~-695~180~gge179~0^^85~-695^^M 85 -695 h 10~#880000^^1~98.7~-691~0~D+~start~~~#0000FF^^1~94.5~-696~0~3~end~~~#0000FF^^0~92~-695^^0~M 95 -692 L 98 -695 L 95 -698#@$P~show~0~4~85~-685~180~gge186~0^^85~-685^^M 85 -685 h 10~#880000^^1~98.7~-681~0~ID~start~~~#0000FF^^1~94.5~-686~0~4~end~~~#0000FF^^0~92~-685^^0~M 95 -682 L 98 -685 L 95 -688#@$P~show~0~5~85~-675~180~gge193~0^^85~-675^^M 85 -675 h 10~#000000^^1~98.7~-671~0~GND~start~~~#000000^^1~94.5~-676~0~5~end~~~#000000^^0~92~-675^^0~M 95 -672 L 98 -675 L 95 -678#@$P~show~0~6~195~-695~0~gge200~0^^195~-695^^M 195 -695 h -20~#880000^^1~173~-692~0~EP~end~~~#0000FF^^1~180~-696~0~6~start~~~#0000FF^^0~178~-695^^0~M 175 -698 L 172 -695 L 175 -692","F~part_netLabel_GNd~195~-695~0~gge260~~0^^195~-695^^GND~#000000~182~-670~0~start~1~Times New Roman~9pt~flag_gge5^^PL~195 -685 195 -695~#000000~1~0~transparent~gge264~0^^PL~195 -685 205 -685 195 -679 185 -685 195 -685~#000000~1~0~transparent~gge265~0","F~part_netLabel_GNd~85~-675~0~gge266~~0^^85~-675^^GND~#000000~72~-650~0~start~1~Times New Roman~9pt~flag_gge6^^PL~85 -665 85 -675~#000000~1~0~transparent~gge270~0^^PL~85 -665 95 -665 85 -659 75 -665 85 -665~#000000~1~0~transparent~gge271~0","F~part_netLabel_+5V~85~-715~0~gge278~~0^^85~-715^^+5V~#000000~75~-727~0~start~1~Times New Roman~9pt~flag_gge7^^PL~85 -725 85 -715~#000000~1~0~none~gge282~0^^PL~80 -725 90 -725~#000000~1~0~transparent~gge283~0","W~85 -705 50 -705~#008800~1~0~none~gge290~0","W~50 -695 85 -695~#008800~1~0~none~gge291~0","W~85 -675 50 -675 50 -685 85 -685~#008800~1~0~none~gge292~0","N~50~-705~0~#0000ff~USBDM~gge293~start~52~-707.5~Times New Roman~7pt~0","N~50~-695~0~#0000ff~USBDP~gge297~start~52~-697.5~Times New Roman~7pt~0","LIB~345~-705~package`SOT-23-5_L3.0-W1.7-P0.95-LS2.8-BL`BOM_Supplier`LCSC`BOM_Manufacturer`TOREX`BOM_Manufacturer Part`XC6219B332MR`image`\/\/image.lceda.cn\/szlcsc\/C46517.jpg`BOM_Supplier Part`C46517`BOM_LCSC Assembly`Yes`SMT Type`Extend`spicePre`U`spiceSymbolName`XC6219B332MR`Package Display`No`~~0~gge311~486068286c7e455da96de3cc354feeb9~b7e2b63cb4bd42d4bee03f92b312eee7~0~a5ddad6a919660c4~yes~yes#@$T~N~310.15625~-726.7890625~0~#000080~Arial~~~~~comment~XC6219B332MR~1~start~gge397~0~pinpart#@$T~P~339.0390625~-737.140625~0~#000080~Arial~~~~~comment~U2~0~start~gge398~0~pinpart#@$R~305~-725~2~2~80~40~#880000~1~0~none~gge316~0~#@$E~307.5~-722.5~1.5~1.5~#880000~1~0~#880000~gge317~0#@$P~show~0~1~295~-715~180~gge318~0^^295~-715^^M 295 -715 h 10~#880000^^1~308.7~-711~0~VIN~start~~~#0000FF^^1~304.5~-716~0~1~end~~~#0000FF^^0~302~-715^^0~M 305 -712 L 308 -715 L 305 -718#@$P~show~0~2~295~-705~180~gge325~0^^295~-705^^M 295 -705 h 10~#000000^^1~308.7~-701~0~VSS~start~~~#000000^^1~304.5~-706~0~2~end~~~#000000^^0~302~-705^^0~M 305 -702 L 308 -705 L 305 -708#@$P~show~0~3~295~-695~180~gge332~0^^295~-695^^M 295 -695 h 10~#880000^^1~308.7~-691~0~CE~start~~~#0000FF^^1~304.5~-696~0~3~end~~~#0000FF^^0~302~-695^^0~M 305 -692 L 308 -695 L 305 -698#@$P~show~0~4~395~-695~0~gge339~0^^395~-695^^M 395 -695 h -10~#880000^^1~381.3~-691~0~NC~end~~~#0000FF^^1~385.5~-696~0~4~start~~~#0000FF^^0~388~-695^^0~M 385 -698 L 382 -695 L 385 -692#@$P~show~0~5~395~-715~0~gge346~0^^395~-715^^M 395 -715 h -10~#880000^^1~381.3~-711~0~VOUT~end~~~#0000FF^^1~385.5~-716~0~5~start~~~#0000FF^^0~388~-715^^0~M 385 -718 L 382 -715 L 385 -712","W~295 -715 280 -715~#008800~1~0~none~gge399~0","W~295 -705 260 -705~#008800~1~0~none~gge400~0","W~295 -695 275 -695~#008800~1~0~none~gge401~0","F~part_netLabel_+5V~280~-715~0~gge404~~0^^280~-715^^+5V~#000000~270~-727~0~start~1~Times New Roman~9pt~flag_gge8^^PL~280 -725 280 -715~#000000~1~0~none~gge408~0^^PL~275 -725 285 -725~#000000~1~0~transparent~gge409~0","F~part_netLabel_GNd~260~-705~0~gge416~~0^^260~-705^^GND~#000000~247~-680~0~start~1~Times New Roman~9pt~flag_gge9^^PL~260 -695 260 -705~#000000~1~0~transparent~gge420~0^^PL~260 -695 270 -695 260 -689 250 -695 260 -695~#000000~1~0~transparent~gge421~0","N~280~-715~0~#0000ff~+5V~gge428~start~282~-717.5~Times New Roman~7pt~0","N~275~-705~0~#0000ff~GND~gge432~start~277~-707.5~Times New Roman~7pt~0","N~275~-695~0~#0000ff~+5V~gge448~start~277~-697.5~Times New Roman~7pt~0","W~415 -715 395 -715 415 -715~#008800~1~0~none~gge452~0","N~395~-715~0~#0000ff~3V3~gge453~start~397~-717.5~Times New Roman~7pt~0","W~275 -705 260 -705~#008800~1~0~none~gge467~0","F~part_netLabel_GNd~415~-695~0~gge473~~0^^415~-695^^GND~#000000~402~-670~0~start~1~Times New Roman~9pt~flag_gge10^^PL~415 -685 415 -695~#000000~1~0~transparent~gge477~0^^PL~415 -685 425 -685 415 -679 405 -685 415 -685~#000000~1~0~transparent~gge478~0","LIB~345~-670~package`CAP-SMD_BD5.0-L5.3-W5.3-FD`BOM_Supplier`LCSC`BOM_Manufacturer`HONOR`BOM_Manufacturer Part`RVT1A101M0505`nameAlias`Capacitance`BOM_Supplier Part`C3347`spicePre`C`spiceSymbolName`RVT1A101M0505-C3347`Package Display`No`~90~0~gge486~b4499b8294224146ab63584189efd00f~ba7e590880832ef28c6222fd8bc2931e~0~224f873310bf5d7b~yes~yes#@$T~N~339.03125~-681~0~#000080~Arial~~~~~comment~100uF~0~start~gge539~0~pinpart#@$T~P~339.0390625~-690.140625~0~#000080~Arial~~~~~comment~C2~0~start~gge540~0~pinpart#@$PL~343 -678 343 -662~#880000~1~0~none~gge492~0#@$P~show~1~1~330~-670~180~gge493~0^^330~-670^^M 330 -670 h 10~#880000^^0~345~-667~0~1~start~~~#000000^^0~335~-671~0~1~end~~~#000000^^0~337~-670^^0~M 340 -667 L 343 -670 L 340 -673#@$P~show~1~2~360~-670~0~gge500~0^^360~-670^^M 360 -670 h -10~#880000^^0~345~-667~0~2~end~~~#000000^^0~355~-671~0~2~start~~~#000000^^0~353~-670^^0~M 350 -673 L 347 -670 L 350 -667#@$PL~340 -670 343 -670~#880000~1~0~none~gge507~0#@$PL~347 -670 350 -670~#880000~1~0~none~gge508~0#@$A~M 350.22 -677.67 A 9 10 0 0 0 349.75 -662.81~~#880000~1~0~none~gge509~0#@$PL~335 -673 339 -673~#880000~1~0~none~gge510~0#@$PL~337 -675 337 -671~#880000~1~0~none~gge511~0","LIB~345~-650~package`CAP-SMD_BD5.0-L5.3-W5.3-FD`BOM_Supplier`LCSC`BOM_Manufacturer`HONOR`BOM_Manufacturer Part`RVT1A101M0505`nameAlias`Capacitance`BOM_Supplier Part`C3347`spicePre`C`spiceSymbolName`RVT1A101M0505-C3347`Package Display`No`~90~0~gge513~b4499b8294224146ab63584189efd00f~ba7e590880832ef28c6222fd8bc2931e~0~550f7c38448ca3a3~yes~yes#@$T~N~339.03125~-661~0~#000080~Arial~~~~~comment~100uF~0~start~gge541~0~pinpart#@$T~P~339.0390625~-670.140625~0~#000080~Arial~~~~~comment~C1~0~start~gge542~0~pinpart#@$PL~343 -658 343 -642~#880000~1~0~none~gge519~0#@$P~show~1~1~330~-650~180~gge520~0^^330~-650^^M 330 -650 h 10~#880000^^0~345~-647~0~1~start~~~#000000^^0~335~-651~0~1~end~~~#000000^^0~337~-650^^0~M 340 -647 L 343 -650 L 340 -653#@$P~show~1~2~360~-650~0~gge527~0^^360~-650^^M 360 -650 h -10~#880000^^0~345~-647~0~2~end~~~#000000^^0~355~-651~0~2~start~~~#000000^^0~353~-650^^0~M 350 -653 L 347 -650 L 350 -647#@$PL~340 -650 343 -650~#880000~1~0~none~gge534~0#@$PL~347 -650 350 -650~#880000~1~0~none~gge535~0#@$A~M 350.22 -657.67 A 9 10 0 0 0 349.75 -642.81~~#880000~1~0~none~gge536~0#@$PL~335 -653 339 -653~#880000~1~0~none~gge537~0#@$PL~337 -655 337 -651~#880000~1~0~none~gge538~0","W~360 -650 395 -650 395 -695 415 -695~#008800~1~0~none~gge543~0","W~360 -670 360 -650~#008800~1~0~none~gge544~0","W~295 -670 330 -670~#008800~1~0~none~gge552~0","W~295 -650 330 -650~#008800~1~0~none~gge554~0","N~295~-670~0~#0000ff~+5V~gge557~start~297~-672.5~Times New Roman~7pt~0","N~295~-650~0~#0000ff~3V3~gge563~start~297~-652.5~Times New Roman~7pt~0","R~240~-755~~~200~115~#000000~1~0~none~gge568~0~","T~L~295~-740~0~#0000FF~~9pt~~~~comment~3.3V\u7a33\u538b\u7535\u8def~1~start~gge570~0~pinpart","LIB~425~-460~package`LQFP-48_L7.0-W7.0-P0.50-LS9.0-TL`BOM_Supplier`LCSC`BOM_Manufacturer`STMicroelectronics`BOM_Manufacturer Part`STM32F072CBT6`BOM_Supplier Part`C81720`BOM_LCSC Assembly`Yes`SMT Type`Extend`spicePre`U`spiceSymbolName`STM32F072CBT6`Package Display`No`~~0~gge573~edbbfa9069864475910d8fcc86febcb4~2acb0612290a471f84abfba2616cca3a~0~165d7857a38651e1~yes~yes#@$T~N~382.4140625~-596.75~0~#000080~Arial~~~~~comment~STM32F072CBT6~1~start~gge574~0~pinpart#@$T~P~419.046875~-607~0~#000080~Arial~~~~~comment~U1~0~start~gge1261~0~pinpart#@$R~355~-595~2~2~140~270~#880000~1~0~none~gge578~0~#@$E~360~-590~1.5~1.5~#880000~1~0~#880000~gge579~0#@$P~show~0~1~345~-575~180~gge580~0^^345~-575^^M 345 -575 h 10~#FF0000^^1~358.7~-571~0~VBAT~start~~~#FF0000^^1~354.5~-576~0~1~end~~~#FF0000^^0~352~-575^^0~M 355 -572 L 358 -575 L 355 -578#@$P~show~0~2~345~-565~180~gge587~0^^345~-565^^M 345 -565 h 10~#880000^^1~358.7~-561~0~PC13~start~~~#0000FF^^1~354.5~-566~0~2~end~~~#0000FF^^0~352~-565^^0~M 355 -562 L 358 -565 L 355 -568#@$P~show~0~3~345~-555~180~gge594~0^^345~-555^^M 345 -555 h 10~#880000^^1~358.7~-551~0~PC14\/OSC32_IN~start~~~#0000FF^^1~354.5~-556~0~3~end~~~#0000FF^^0~352~-555^^0~M 355 -552 L 358 -555 L 355 -558#@$P~show~0~4~345~-545~180~gge601~0^^345~-545^^M 345 -545 h 10~#880000^^1~358.7~-541~0~PC15\/OSC32_OUT~start~~~#0000FF^^1~354.5~-546~0~4~end~~~#0000FF^^0~352~-545^^0~M 355 -542 L 358 -545 L 355 -548#@$P~show~0~5~345~-535~180~gge608~0^^345~-535^^M 345 -535 h 10~#880000^^1~358.7~-531~0~PF0\/OSC_IN~start~~~#0000FF^^1~354.5~-536~0~5~end~~~#0000FF^^0~352~-535^^0~M 355 -532 L 358 -535 L 355 -538#@$P~show~0~6~345~-525~180~gge615~0^^345~-525^^M 345 -525 h 10~#880000^^1~358.7~-521~0~PF1\/OSC_OUT~start~~~#0000FF^^1~354.5~-526~0~6~end~~~#0000FF^^0~352~-525^^0~M 355 -522 L 358 -525 L 355 -528#@$P~show~0~7~345~-515~180~gge622~0^^345~-515^^M 345 -515 h 10~#880000^^1~358.7~-511~0~NRST~start~~~#0000FF^^1~354.5~-516~0~7~end~~~#0000FF^^0~352~-515^^0~M 355 -512 L 358 -515 L 355 -518#@$P~show~0~8~345~-505~180~gge629~0^^345~-505^^M 345 -505 h 10~#000000^^1~358.7~-501~0~VSSA~start~~~#000000^^1~354.5~-506~0~8~end~~~#000000^^0~352~-505^^0~M 355 -502 L 358 -505 L 355 -508#@$P~show~0~9~345~-495~180~gge636~0^^345~-495^^M 345 -495 h 10~#FF0000^^1~358.7~-491~0~VDDA~start~~~#FF0000^^1~354.5~-496~0~9~end~~~#FF0000^^0~352~-495^^0~M 355 -492 L 358 -495 L 355 -498#@$P~show~0~10~345~-485~180~gge643~0^^345~-485^^M 345 -485 h 10~#880000^^1~358.7~-481~0~PA0~start~~~#0000FF^^1~354.5~-486~0~10~end~~~#0000FF^^0~352~-485^^0~M 355 -482 L 358 -485 L 355 -488#@$P~show~0~11~345~-475~180~gge650~0^^345~-475^^M 345 -475 h 10~#880000^^1~358.7~-471~0~PA1~start~~~#0000FF^^1~354.5~-476~0~11~end~~~#0000FF^^0~352~-475^^0~M 355 -472 L 358 -475 L 355 -478#@$P~show~0~12~345~-465~180~gge657~0^^345~-465^^M 345 -465 h 10~#880000^^1~358.7~-461~0~PA2~start~~~#0000FF^^1~354.5~-466~0~12~end~~~#0000FF^^0~352~-465^^0~M 355 -462 L 358 -465 L 355 -468#@$P~show~0~13~345~-455~180~gge664~0^^345~-455^^M 345 -455 h 10~#880000^^1~358~-452~0~PA3~start~~~#0000FF^^1~355.5~-456~0~13~end~~~#0000FF^^0~352~-455^^0~M 355 -452 L 358 -455 L 355 -458#@$P~show~0~14~345~-445~180~gge671~0^^345~-445^^M 345 -445 h 10~#880000^^1~358~-442~0~PA4~start~~~#0000FF^^1~355.5~-446~0~14~end~~~#0000FF^^0~352~-445^^0~M 355 -442 L 358 -445 L 355 -448#@$P~show~0~15~345~-435~180~gge678~0^^345~-435^^M 345 -435 h 10~#880000^^1~358~-432~0~PA5~start~~~#0000FF^^1~355.5~-436~0~15~end~~~#0000FF^^0~352~-435^^0~M 355 -432 L 358 -435 L 355 -438#@$P~show~0~16~345~-425~180~gge685~0^^345~-425^^M 345 -425 h 10~#880000^^1~358~-422~0~PA6~start~~~#0000FF^^1~355.5~-426~0~16~end~~~#0000FF^^0~352~-425^^0~M 355 -422 L 358 -425 L 355 -428#@$P~show~0~17~345~-415~180~gge692~0^^345~-415^^M 345 -415 h 10~#880000^^1~358~-412~0~PA7~start~~~#0000FF^^1~355.5~-416~0~17~end~~~#0000FF^^0~352~-415^^0~M 355 -412 L 358 -415 L 355 -418#@$P~show~0~18~345~-405~180~gge699~0^^345~-405^^M 345 -405 h 10~#880000^^1~358~-402~0~PB0~start~~~#0000FF^^1~355.5~-406~0~18~end~~~#0000FF^^0~352~-405^^0~M 355 -402 L 358 -405 L 355 -408#@$P~show~0~19~345~-395~180~gge706~0^^345~-395^^M 345 -395 h 10~#880000^^1~358~-392~0~PB1~start~~~#0000FF^^1~355.5~-396~0~19~end~~~#0000FF^^0~352~-395^^0~M 355 -392 L 358 -395 L 355 -398#@$P~show~0~20~345~-385~180~gge713~0^^345~-385^^M 345 -385 h 10~#880000^^1~358~-382~0~PB2~start~~~#0000FF^^1~355.5~-386~0~20~end~~~#0000FF^^0~352~-385^^0~M 355 -382 L 358 -385 L 355 -388#@$P~show~0~21~345~-375~180~gge720~0^^345~-375^^M 345 -375 h 10~#880000^^1~358~-372~0~PB10~start~~~#0000FF^^1~355.5~-376~0~21~end~~~#0000FF^^0~352~-375^^0~M 355 -372 L 358 -375 L 355 -378#@$P~show~0~22~345~-365~180~gge727~0^^345~-365^^M 345 -365 h 10~#880000^^1~358~-362~0~PB11~start~~~#0000FF^^1~355.5~-366~0~22~end~~~#0000FF^^0~352~-365^^0~M 355 -362 L 358 -365 L 355 -368#@$P~show~0~23~345~-355~180~gge734~0^^345~-355^^M 345 -355 h 10~#000000^^1~358~-352~0~VSS~start~~~#000000^^1~355.5~-356~0~23~end~~~#000000^^0~352~-355^^0~M 355 -352 L 358 -355 L 355 -358#@$P~show~0~24~345~-345~180~gge741~0^^345~-345^^M 345 -345 h 10~#FF0000^^1~358~-342~0~VDD~start~~~#FF0000^^1~355.5~-346~0~24~end~~~#FF0000^^0~352~-345^^0~M 355 -342 L 358 -345 L 355 -348#@$P~show~0~25~505~-345~0~gge748~0^^505~-345^^M 505 -345 h -10~#880000^^1~491.3~-341~0~PB12~end~~~#0000FF^^1~495.5~-346~0~25~start~~~#0000FF^^0~498~-345^^0~M 495 -348 L 492 -345 L 495 -342#@$P~show~0~26~505~-355~0~gge755~0^^505~-355^^M 505 -355 h -10~#880000^^1~491.3~-351~0~PB13~end~~~#0000FF^^1~495.5~-356~0~26~start~~~#0000FF^^0~498~-355^^0~M 495 -358 L 492 -355 L 495 -352#@$P~show~0~27~505~-365~0~gge762~0^^505~-365^^M 505 -365 h -10~#880000^^1~491.3~-361~0~PB14~end~~~#0000FF^^1~495.5~-366~0~27~start~~~#0000FF^^0~498~-365^^0~M 495 -368 L 492 -365 L 495 -362#@$P~show~0~28~505~-375~0~gge769~0^^505~-375^^M 505 -375 h -10~#880000^^1~491.3~-371~0~PB15~end~~~#0000FF^^1~495.5~-376~0~28~start~~~#0000FF^^0~498~-375^^0~M 495 -378 L 492 -375 L 495 -372#@$P~show~0~29~505~-385~0~gge776~0^^505~-385^^M 505 -385 h -10~#880000^^1~491.3~-381~0~PA8~end~~~#0000FF^^1~495.5~-386~0~29~start~~~#0000FF^^0~498~-385^^0~M 495 -388 L 492 -385 L 495 -382#@$P~show~0~30~505~-395~0~gge783~0^^505~-395^^M 505 -395 h -10~#880000^^1~491.3~-391~0~PA9~end~~~#0000FF^^1~495.5~-396~0~30~start~~~#0000FF^^0~498~-395^^0~M 495 -398 L 492 -395 L 495 -392#@$P~show~0~31~505~-405~0~gge790~0^^505~-405^^M 505 -405 h -10~#880000^^1~491.3~-401~0~PA10~end~~~#0000FF^^1~495.5~-406~0~31~start~~~#0000FF^^0~498~-405^^0~M 495 -408 L 492 -405 L 495 -402#@$P~show~0~32~505~-415~0~gge797~0^^505~-415^^M 505 -415 h -10~#880000^^1~491.3~-411~0~PA11~end~~~#0000FF^^1~495.5~-416~0~32~start~~~#0000FF^^0~498~-415^^0~M 495 -418 L 492 -415 L 495 -412#@$P~show~0~33~505~-425~0~gge804~0^^505~-425^^M 505 -425 h -10~#880000^^1~491.3~-421~0~PA12~end~~~#0000FF^^1~495.5~-426~0~33~start~~~#0000FF^^0~498~-425^^0~M 495 -428 L 492 -425 L 495 -422#@$P~show~0~34~505~-435~0~gge811~0^^505~-435^^M 505 -435 h -10~#880000^^1~491.3~-431~0~PA13~end~~~#0000FF^^1~495.5~-436~0~34~start~~~#0000FF^^0~498~-435^^0~M 495 -438 L 492 -435 L 495 -432#@$P~show~0~35~505~-445~0~gge818~0^^505~-445^^M 505 -445 h -10~#000000^^1~491.3~-441~0~VSS~end~~~#000000^^1~495.5~-446~0~35~start~~~#000000^^0~498~-445^^0~M 495 -448 L 492 -445 L 495 -442#@$P~show~0~36~505~-455~0~gge825~0^^505~-455^^M 505 -455 h -10~#FF0000^^1~491.3~-451~0~VDDIO~end~~~#FF0000^^1~495.5~-456~0~36~start~~~#FF0000^^0~498~-455^^0~M 495 -458 L 492 -455 L 495 -452#@$P~show~0~37~505~-465~0~gge832~0^^505~-465^^M 505 -465 h -10~#880000^^1~491.3~-463~0~PA14~end~~~#0000FF^^1~495.5~-466~0~37~start~~~#0000FF^^0~498~-465^^0~M 495 -468 L 492 -465 L 495 -462#@$P~show~0~38~505~-475~0~gge839~0^^505~-475^^M 505 -475 h -10~#880000^^1~491.3~-473~0~PA15~end~~~#0000FF^^1~495.5~-476~0~38~start~~~#0000FF^^0~498~-475^^0~M 495 -478 L 492 -475 L 495 -472#@$P~show~0~39~505~-485~0~gge846~0^^505~-485^^M 505 -485 h -10~#880000^^1~491.3~-483~0~PB3~end~~~#0000FF^^1~495.5~-486~0~39~start~~~#0000FF^^0~498~-485^^0~M 495 -488 L 492 -485 L 495 -482#@$P~show~0~40~505~-495~0~gge853~0^^505~-495^^M 505 -495 h -10~#880000^^1~491.3~-493~0~PB4~end~~~#0000FF^^1~495.5~-496~0~40~start~~~#0000FF^^0~498~-495^^0~M 495 -498 L 492 -495 L 495 -492#@$P~show~0~41~505~-505~0~gge860~0^^505~-505^^M 505 -505 h -10~#880000^^1~491.3~-503~0~PB5~end~~~#0000FF^^1~495.5~-506~0~41~start~~~#0000FF^^0~498~-505^^0~M 495 -508 L 492 -505 L 495 -502#@$P~show~0~42~505~-515~0~gge867~0^^505~-515^^M 505 -515 h -10~#880000^^1~491.3~-513~0~PB6~end~~~#0000FF^^1~495.5~-516~0~42~start~~~#0000FF^^0~498~-515^^0~M 495 -518 L 492 -515 L 495 -512#@$P~show~0~43~505~-525~0~gge874~0^^505~-525^^M 505 -525 h -10~#880000^^1~491.3~-523~0~PB7~end~~~#0000FF^^1~495.5~-526~0~43~start~~~#0000FF^^0~498~-525^^0~M 495 -528 L 492 -525 L 495 -522#@$P~show~0~44~505~-535~0~gge881~0^^505~-535^^M 505 -535 h -10~#880000^^1~491.3~-533~0~BOOT0~end~~~#0000FF^^1~495.5~-536~0~44~start~~~#0000FF^^0~498~-535^^0~M 495 -538 L 492 -535 L 495 -532#@$P~show~0~45~505~-545~0~gge888~0^^505~-545^^M 505 -545 h -10~#880000^^1~491.3~-543~0~PB8~end~~~#0000FF^^1~495.5~-546~0~45~start~~~#0000FF^^0~498~-545^^0~M 495 -548 L 492 -545 L 495 -542#@$P~show~0~46~505~-555~0~gge895~0^^505~-555^^M 505 -555 h -10~#880000^^1~491.3~-553~0~PB9~end~~~#0000FF^^1~495.5~-556~0~46~start~~~#0000FF^^0~498~-555^^0~M 495 -558 L 492 -555 L 495 -552#@$P~show~0~47~505~-565~0~gge902~0^^505~-565^^M 505 -565 h -10~#000000^^1~491.3~-563~0~VSS~end~~~#000000^^1~495.5~-566~0~47~start~~~#000000^^0~498~-565^^0~M 495 -568 L 492 -565 L 495 -562#@$P~show~0~48~505~-575~0~gge909~0^^505~-575^^M 505 -575 h -10~#FF0000^^1~491.3~-573~0~VDD~end~~~#FF0000^^1~495.5~-576~0~48~start~~~#FF0000^^0~498~-575^^0~M 495 -578 L 492 -575 L 495 -572","W~345 -575 305 -575~#008800~1~0~none~gge1262~0","W~345 -495 305 -495~#008800~1~0~none~gge1264~0","W~345 -345 305 -345~#008800~1~0~none~gge1265~0","W~345 -355 305 -355~#008800~1~0~none~gge1266~0","W~345 -505 305 -505~#008800~1~0~none~gge1267~0","W~505 -575 540 -575~#008800~1~0~none~gge1268~0","W~505 -565 540 -565~#008800~1~0~none~gge1269~0","W~555 -465 550 -465 550 -455 505 -455~#008800~1~0~none~gge1270~0","W~505 -445 540 -445~#008800~1~0~none~gge1271~0","N~305~-575~0~#0000ff~3V3~gge1272~start~307~-577.5~Times New Roman~7pt~0","N~305~-495~0~#0000ff~3V3~gge1286~start~307~-497.5~Times New Roman~7pt~0","N~305~-345~0~#0000ff~3V3~gge1291~start~307~-347.5~Times New Roman~7pt~0","N~510~-455~0~#0000ff~3V3~gge1296~start~512~-457.5~Times New Roman~7pt~0","N~505~-575~0~#0000ff~3V3~gge1301~start~507~-577.5~Times New Roman~7pt~0","N~305~-505~0~#0000ff~GND~gge1305~start~307~-507.5~Times New Roman~7pt~0","N~305~-355~0~#0000ff~GND~gge1314~start~307~-357.5~Times New Roman~7pt~0","N~510~-445~0~#0000ff~GND~gge1319~start~512~-447.5~Times New Roman~7pt~0","N~505~-565~0~#0000ff~GND~gge1324~start~507~-567.5~Times New Roman~7pt~0","T~L~110~-600~0~#0000FF~~9pt~~~~comment~\u590d\u4f4d\u7535\u8def~1~start~gge1339~0~pinpart","R~45~-625~~~180~95~#000000~1~0~none~gge1341~0~","N~120~-570~0~#0000ff~NRST~gge1342~start~122~-572.5~Times New Roman~7pt~0","N~55~-550~0~#0000ff~3V3~gge1346~start~57~-552.5~Times New Roman~7pt~0","N~200~-550~0~#0000ff~GND~gge1350~start~202~-552.5~Times New Roman~7pt~0","W~120 -575 120 -550~#008800~1~0~none~gge1354~0","W~70 -550 55 -550~#008800~1~0~none~gge1355~0","W~110 -550 135 -550~#008800~1~0~none~gge1356~0","LIB~90~-550~package`R0603`BOM_Supplier`LCSC`BOM_Manufacturer`UniOhm`BOM_Manufacturer Part`0603WAF1001T5E`nameAlias`Resistance (Ohms)`BOM_LCSC Assembly`Yes`BOM_Supplier Part`C21190`SMT Type`Basic`spicePre`R`spiceSymbolName`0603WAF1001T5E`Package Display`No`~~0~gge1357~1bf59dff03ec4233aa077dc7cf0e92a1~597701dbde98d3183fe5df5fb870ec57~0~bc9ab4260c2ac505~yes~yes#@$T~N~84.03125~-557~0~#000080~Arial~~~~~comment~1K~1~start~gge1359~0~pinpart#@$T~P~84.0390625~-566.140625~0~#000080~Arial~~~~~comment~R2~0~start~gge1361~0~pinpart#@$P~show~1~2~110~-550~0~gge1363~0^^110~-550^^M 110 -550 h -10~#000000^^0~95~-547~0~2~end~~~#000000^^0~105~-551~0~2~start~~~#000000^^0~103~-550^^0~M 100 -553 L 97 -550 L 100 -547#@$P~show~1~1~70~-550~180~gge1370~0^^70~-550^^M 70 -550 h 10~#000000^^0~85~-547~0~1~start~~~#000000^^0~75~-551~0~1~end~~~#000000^^0~77~-550^^0~M 80 -547 L 83 -550 L 80 -553#@$R~80~-554~~~20~8~#880000~1~0~none~gge1377~0~","W~220 -550 195 -550~#008800~1~0~none~gge1378~0","W~135 -560 135 -540~#008800~1~0~none~gge1379~0","W~195 -560 195 -540~#008800~1~0~none~gge1380~0","LIB~165~-550~package`KEY-SMD_4P-L6.0-W6.0-P3.90-LS10.0`BOM_Supplier`LCSC`BOM_Manufacturer`HRO`BOM_Manufacturer Part`K2-6639SP-C4SC-04`BOM_Supplier Part`C83206`spicePre`S`spiceSymbolName`K2-6639SP-C4SC-04`Package Display`No`~~0~gge1381~fb532a834f114cab8c58c4bcae32e8d3~625869aed35cdfe9d2d607dd7ebbc6f1~0~53d0ab9bd7635874~yes~yes#@$T~N~154.890625~-573~0~#000080~Arial~~~~~comment~K2-6639SP-C4SC-04~0~start~gge1383~0~pinpart#@$T~P~146.859375~-566.75~0~#000080~Arial~~~~~comment~RESET~1~start~gge1385~0~pinpart#@$PL~151 -540 151 -560~#880000~1~0~none~gge1387~0#@$PL~179 -540 179 -560~#880000~1~0~none~gge1388~0#@$P~show~0~2~135~-540~180~gge1389~0^^135~-540^^M 135 -540 h 10~#880000^^0~147~-537~0~2~start~~~#0000FF^^1~145~-541~0~2~end~~~#0000FF^^0~142~-540^^0~M 145 -537 L 148 -540 L 145 -543#@$P~show~0~1~135~-560~180~gge1396~0^^135~-560^^M 135 -560 h 10~#880000^^0~147~-557~0~1~start~~~#0000FF^^1~145~-561~0~1~end~~~#0000FF^^0~142~-560^^0~M 145 -557 L 148 -560 L 145 -563#@$P~show~0~3~195~-560~0~gge1403~0^^195~-560^^M 195 -560 h -10~#880000^^0~183~-557~0~3~end~~~#0000FF^^1~185~-561~0~3~start~~~#0000FF^^0~188~-560^^0~M 185 -563 L 182 -560 L 185 -557#@$P~show~0~4~195~-540~0~gge1410~0^^195~-540^^M 195 -540 h -10~#880000^^0~183~-537~0~4~end~~~#0000FF^^1~185~-541~0~4~start~~~#0000FF^^0~188~-540^^0~M 185 -543 L 182 -540 L 185 -537#@$E~169~-550~1~1~#880000~1~0~none~gge1417~0#@$PL~145 -560 151 -560~#880000~1~0~none~gge1418~0#@$PL~145 -540 151 -540~#880000~1~0~none~gge1419~0#@$PL~185 -560 179 -560~#880000~1~0~none~gge1420~0#@$PL~185 -540 179 -540~#880000~1~0~none~gge1421~0#@$E~161~-550~1~1~#880000~1~0~none~gge1422~0#@$PL~170 -550 179 -550~#880000~1~0~none~gge1423~0#@$PL~160 -550 151 -550~#880000~1~0~none~gge1424~0#@$PL~162 -551 169 -556~#880000~1~0~none~gge1425~0","W~345 -515 305 -515~#008800~1~0~none~gge1426~0","N~305~-515~0~#0000ff~NRST~gge1429~start~307~-517.5~Times New Roman~7pt~0","W~555 -425 505 -425~#008800~1~0~none~gge1433~0","W~505 -415 540 -415~#008800~1~0~none~gge1434~0","N~505~-415~0~#0000ff~USBDM~gge1436~start~507~-417.5~Times New Roman~7pt~0","N~505~-425~0~#0000ff~USBDP~gge1441~start~507~-427.5~Times New Roman~7pt~0","T~L~95~-505~0~#0000FF~~9pt~~~~comment~\u8c03\u8bd5\u63a5\u53e3~1~start~gge1452~0~pinpart","R~45~-520~~~180~90~#000000~1~0~none~gge1454~0~","N~75~-460~0~#0000ff~SWDCLK~gge1455~start~77~-462.5~Times New Roman~7pt~0","N~75~-470~0~#0000ff~SWDIO~gge1459~start~77~-472.5~Times New Roman~7pt~0","W~115 -450 75 -450~#008800~1~0~none~gge1478~0","W~115 -460 75 -460~#008800~1~0~none~gge1479~0","W~115 -470 75 -470~#008800~1~0~none~gge1480~0","W~115 -480 75 -480~#008800~1~0~none~gge1481~0","LIB~135~-465~package`HDR-TH_4P-P2.54-V`BOM_Supplier`LCSC`BOM_Supplier Part`C358686`BOM_Manufacturer`MINTRON`BOM_Manufacturer Part`MTP125-1104S1`Contributor`LCSC`spicePre`U`spiceSymbolName`MTP125-1104S1`Package Display`No`~~0~gge1482~31a453d5adfc45cea944a6450adf2918~7441cd11033a47d4aa4eb4d482d474b6~0~e9482207dd7286d3~yes~yes#@$T~N~128.03125~-493.28125~0~#000080~Arial~~~~~comment~MTP125-1104S1~0~start~gge1484~0~pinpart#@$T~P~168.22~-448.41~270~#000080~Arial~~~~~comment~DEBUG~1~~gge1486~0~pinpart#@$R~125~-490~2~2~30~50~#880000~1~0~none~gge1488~0~#@$E~127.5~-487.5~1.5~1.5~#880000~1~0~#880000~gge1489~0#@$P~show~0~1~115~-480~180~gge1490~0^^115~-480^^M 115 -480 h 10~#880000^^1~128.7~-476~0~3V3~start~~~#0000FF^^0~124.5~-481~0~1~end~~~#0000FF^^0~122~-480^^0~M 125 -477 L 128 -480 L 125 -483#@$P~show~0~2~115~-470~180~gge1497~0^^115~-470^^M 115 -470 h 10~#880000^^1~128.7~-466~0~IO~start~~~#0000FF^^0~124.5~-471~0~2~end~~~#0000FF^^0~122~-470^^0~M 125 -467 L 128 -470 L 125 -473#@$P~show~0~3~115~-460~180~gge1504~0^^115~-460^^M 115 -460 h 10~#880000^^1~128.7~-456~0~CLK~start~~~#0000FF^^0~124.5~-461~0~3~end~~~#0000FF^^0~122~-460^^0~M 125 -457 L 128 -460 L 125 -463#@$P~show~0~4~115~-450~180~gge1511~0^^115~-450^^M 115 -450 h 10~#880000^^1~128.7~-446~0~GND~start~~~#0000FF^^0~124.5~-451~0~4~end~~~#0000FF^^0~122~-450^^0~M 125 -447 L 128 -450 L 125 -453","W~505 -435 540 -435~#008800~1~0~none~gge1518~0","W~505 -465 540 -465 540 -465~#008800~1~0~none~gge1519~0","N~505~-435~0~#0000ff~SWDIO~gge1521~start~507~-437.5~Times New Roman~7pt~0","N~505~-465~0~#0000ff~SWDCLK~gge1526~start~507~-467.5~Times New Roman~7pt~0","N~75~-480~0~#0000ff~3V3~gge1531~start~77~-482.5~Times New Roman~7pt~0","N~75~-450~0~#0000ff~GND~gge1536~start~77~-452.5~Times New Roman~7pt~0","W~505 -535 540 -535~#008800~1~0~none~gge1540~0","W~345 -385 305 -385~#008800~1~0~none~gge1545~0","N~505~-535~0~#0000ff~BOOT0~gge1548~start~507~-537.5~Times New Roman~7pt~0","N~305~-385~0~#0000ff~BOOT1~gge1552~start~307~-387.5~Times New Roman~7pt~0","T~L~75~-400~0~#0000FF~~9pt~~~~comment~BOOT\u8bbe\u7f6e\u8df3\u7ebf~1~start~gge1563~0~pinpart","R~45~-420~~~180~95~#000000~1~0~none~gge1565~0~","N~175~-335~0~#0000ff~BOOT1~gge1566~start~177~-337.5~Times New Roman~7pt~0","N~55~-335~0~#0000ff~BOOT0~gge1570~start~57~-337.5~Times New Roman~7pt~0","W~55 -335 90 -335~#008800~1~0~none~gge1574~0","W~175 -335 205 -335~#008800~1~0~none~gge1575~0","N~115~-335~0~#0000ff~GND~gge1576~start~117~-337.5~Times New Roman~7pt~0","W~115 -335 135 -335~#008800~1~0~none~gge1580~0","LIB~155~-335~package`R1206`BOM_Supplier`LCSC`BOM_Supplier Part`C237800`BOM_Manufacturer`Stackpole Elec`BOM_Manufacturer Part`RMCF1206JT10K0`nameAlias`Resistance (Ohms)`Contributor`LCSC`spicePre`R`spiceSymbolName`RMCF1206JT10K0`Package Display`No`~~0~gge1581~0610c91ea88544ecbdf889657d55abcb~b4276842547c4fbdae709606f8c6fcc2~0~bcf0a92f69cfdf20~yes~yes#@$T~N~149.03125~-342~0~#000080~Arial~~~~~comment~10K~1~start~gge1583~0~pinpart#@$T~P~149.0390625~-350.84375~0~#000080~Arial~~~~~comment~R4~0~start~gge1585~0~pinpart#@$R~145~-339~~~20~8~#A00000~1~0~none~gge1587~0~#@$P~show~0~2~175~-335~0~gge1588~0^^175~-335^^M 165 -335 h 10~#800^^0~161~-335~0~2~end~~~#800^^0~169~-339~0~2~start~~~#800^^0~188~-335^^0~M 185 -338 L 182 -335 L 185 -332#@$P~show~0~1~135~-335~180~gge1595~0^^135~-335^^M 145 -335 h -10~#800^^0~149~-335~0~1~start~~~#800^^0~141~-339~0~1~end~~~#800^^0~122~-335^^0~M 125 -332 L 128 -335 L 125 -338","LIB~100~-335~package`R1206`BOM_Supplier`LCSC`BOM_Supplier Part`C237800`BOM_Manufacturer`Stackpole Elec`BOM_Manufacturer Part`RMCF1206JT10K0`nameAlias`Resistance (Ohms)`Contributor`LCSC`spicePre`R`spiceSymbolName`RMCF1206JT10K0`Package Display`No`~~0~gge1602~0610c91ea88544ecbdf889657d55abcb~b4276842547c4fbdae709606f8c6fcc2~0~c66ca27aebb35650~yes~yes#@$T~N~94.03125~-342~0~#000080~Arial~~~~~comment~10K~1~start~gge1604~0~pinpart#@$T~P~94.0390625~-350.84375~0~#000080~Arial~~~~~comment~R3~0~start~gge1606~0~pinpart#@$R~90~-339~~~20~8~#A00000~1~0~none~gge1608~0~#@$P~show~0~2~120~-335~0~gge1609~0^^120~-335^^M 110 -335 h 10~#800^^0~106~-335~0~2~end~~~#800^^0~114~-339~0~2~start~~~#800^^0~133~-335^^0~M 130 -338 L 127 -335 L 130 -332#@$P~show~0~1~80~-335~180~gge1616~0^^80~-335^^M 90 -335 h -10~#800^^0~94~-335~0~1~start~~~#800^^0~86~-339~0~1~end~~~#800^^0~67~-335^^0~M 70 -332 L 73 -335 L 70 -338","N~175~-370~0~#0000ff~BOOT1~gge1623~start~177~-372.5~Times New Roman~7pt~0","N~60~-370~0~#0000ff~BOOT0~gge1627~start~62~-372.5~Times New Roman~7pt~0","N~175~-380~0~#0000ff~3V3~gge1631~start~177~-382.5~Times New Roman~7pt~0","N~60~-380~0~#0000ff~3V3~gge1635~start~62~-382.5~Times New Roman~7pt~0","N~175~-360~0~#0000ff~GND~gge1639~start~177~-362.5~Times New Roman~7pt~0","N~60~-360~0~#0000ff~GND~gge1643~start~62~-362.5~Times New Roman~7pt~0","W~90 -360 55 -360~#008800~1~0~none~gge1647~0","W~90 -370 55 -370~#008800~1~0~none~gge1648~0","W~90 -380 55 -380~#008800~1~0~none~gge1649~0","W~170 -360 205 -360~#008800~1~0~none~gge1650~0","W~170 -370 205 -370~#008800~1~0~none~gge1651~0","W~170 -380 205 -380~#008800~1~0~none~gge1652~0","LIB~130~-370~package`HDR-TH_6P-P2.54-V-R2-C3-S2.54`BOM_Supplier`LCSC`BOM_Manufacturer`Ckmtw`BOM_Manufacturer Part`210S-2*3P L=11.6MMGold-plated black`Contributor`LCSC`BOM_Supplier Part`C124384`spicePre`H`spiceSymbolName`210S-2*3P L=11.6MMGold-plated black`Package Display`No`~~0~gge1653~a436596cfaa0438cbeaf105e5590ca97~78d79b7679e94c6da902d7c1b49c1395~0~94bc1faf32cf2c49~yes~yes#@$T~N~124.03125~-395.140625~0~#000080~Arial~~~~~comment~210S-2*3P L=11.6MMGold-plated black~0~start~gge1655~0~pinpart#@$T~P~114.203125~-366.78125~0~#000080~Arial~~~~~comment~BOOT1~1~start~gge1657~0~pinpart#@$E~115~-387~1.5~1.5~#880000~1~0~#880000~gge1659~0#@$R~110~-392~2~2~40~42~#880000~1~0~none~gge1660~0~#@$E~115~-387~1.5~1.5~#880000~1~0~#880000~gge1661~0#@$P~show~0~1~90~-380~180~gge1662~0^^90~-380^^M 90 -380 h 20~#880000^^0~112~-377~0~1~start~~~#0000FF^^0~105~-381~0~1~end~~~#0000FF^^0~107~-380^^0~M 110 -377 L 113 -380 L 110 -383#@$P~show~0~2~170~-380~0~gge1669~0^^170~-380^^M 170 -380 h -20~#880000^^0~148~-377~0~2~end~~~#0000FF^^0~155~-381~0~2~start~~~#0000FF^^0~153~-380^^0~M 150 -383 L 147 -380 L 150 -377#@$P~show~0~3~90~-370~180~gge1676~0^^90~-370^^M 90 -370 h 20~#880000^^0~112~-367~0~3~start~~~#0000FF^^0~105~-371~0~3~end~~~#0000FF^^0~107~-370^^0~M 110 -367 L 113 -370 L 110 -373#@$P~show~0~4~170~-370~0~gge1683~0^^170~-370^^M 170 -370 h -20~#880000^^0~148~-367~0~4~end~~~#0000FF^^0~155~-371~0~4~start~~~#0000FF^^0~153~-370^^0~M 150 -373 L 147 -370 L 150 -367#@$P~show~0~5~90~-360~180~gge1690~0^^90~-360^^M 90 -360 h 20~#880000^^0~112~-357~0~5~start~~~#0000FF^^0~105~-361~0~5~end~~~#0000FF^^0~107~-360^^0~M 110 -357 L 113 -360 L 110 -363#@$P~show~0~6~170~-360~0~gge1697~0^^170~-360^^M 170 -360 h -20~#880000^^0~148~-357~0~6~end~~~#0000FF^^0~155~-361~0~6~start~~~#0000FF^^0~153~-360^^0~M 150 -363 L 147 -360 L 150 -357","W~115 -335 120 -335~#008800~1~0~none~gge1710~0","LIB~555~-445~package`R0603`BOM_Supplier`LCSC`BOM_Manufacturer`UniOhm`BOM_Manufacturer Part`0603WAF1001T5E`nameAlias`Resistance (Ohms)`BOM_LCSC Assembly`Yes`BOM_Supplier Part`C21190`SMT Type`Basic`spicePre`R`spiceSymbolName`0603WAF1001T5E`Package Display`No`~90~0~gge1739~1bf59dff03ec4233aa077dc7cf0e92a1~597701dbde98d3183fe5df5fb870ec57~0~47e71ab4c503ff8d~yes~yes#@$T~N~558.8359375~-441.7890625~0~#000080~Arial~~~~~comment~1K~1~start~gge1741~0~pinpart#@$T~P~561.0078125~-441.3046875~0~#000080~Arial~~~~~comment~R1~0~start~gge1743~0~pinpart#@$P~show~1~2~555~-465~90~gge1745~0^^555~-465^^M 555 -465 v 10~#000000^^0~558~-450~270~2~end~~~#000000^^0~554~-460~270~2~start~~~#000000^^0~555~-458^^0~M 552 -455 L 555 -452 L 558 -455#@$P~show~1~1~555~-425~270~gge1752~0^^555~-425^^M 555 -425 v -10~#000000^^0~558~-440~270~1~start~~~#000000^^0~554~-430~270~1~end~~~#000000^^0~555~-432^^0~M 558 -435 L 555 -438 L 552 -435#@$R~551~-455~~~8~20~#880000~1~0~none~gge1759~0~","W~85 -670 85 -675~#008800~1~0~none~gge1774~0","W~345 -565 305 -565~#008800~1~0~none~gge1777~0","W~345 -555 305 -555~#008800~1~0~none~gge1778~0","W~345 -545 305 -545~#008800~1~0~none~gge1779~0","W~345 -535 305 -535~#008800~1~0~none~gge1780~0","W~345 -525 305 -525~#008800~1~0~none~gge1781~0","N~305~-565~0~#0000ff~PC13~gge1782~start~307~-567.5~Times New Roman~7pt~0","N~305~-555~0~#0000ff~PC14~gge1786~start~307~-557.5~Times New Roman~7pt~0","N~305~-545~0~#0000ff~PC15~gge1790~start~307~-547.5~Times New Roman~7pt~0","N~305~-535~0~#0000ff~PF0~gge1794~start~307~-537.5~Times New Roman~7pt~0","N~305~-525~0~#0000ff~PF1~gge1798~start~307~-527.5~Times New Roman~7pt~0","W~345 -485 305 -485~#008800~1~0~none~gge1810~0","W~345 -475 305 -475~#008800~1~0~none~gge1811~0","W~345 -465 305 -465~#008800~1~0~none~gge1812~0","W~345 -455 305 -455~#008800~1~0~none~gge1813~0","W~345 -445 305 -445~#008800~1~0~none~gge1814~0","W~345 -435 305 -435~#008800~1~0~none~gge1815~0","W~345 -425 305 -425~#008800~1~0~none~gge1816~0","W~345 -415 305 -415~#008800~1~0~none~gge1817~0","W~345 -405 305 -405~#008800~1~0~none~gge1818~0","W~345 -395 305 -395~#008800~1~0~none~gge1819~0","W~345 -375 305 -375~#008800~1~0~none~gge1820~0","W~345 -365 305 -365~#008800~1~0~none~gge1821~0","W~505 -555 540 -555~#008800~1~0~none~gge1822~0","W~505 -545 540 -545~#008800~1~0~none~gge1823~0","W~505 -525 540 -525~#008800~1~0~none~gge1824~0","W~505 -515 540 -515~#008800~1~0~none~gge1825~0","W~505 -505 540 -505~#008800~1~0~none~gge1826~0","W~505 -495 540 -495~#008800~1~0~none~gge1827~0","W~505 -485 540 -485~#008800~1~0~none~gge1828~0","W~505 -475 540 -475~#008800~1~0~none~gge1829~0","W~505 -405 540 -405~#008800~1~0~none~gge1830~0","W~505 -395 540 -395~#008800~1~0~none~gge1832~0","W~540 -385 535 -385 505 -385~#008800~1~0~none~gge1833~0","W~505 -375 540 -375~#008800~1~0~none~gge1835~0","W~505 -365 540 -365~#008800~1~0~none~gge1836~0","W~505 -355 540 -355~#008800~1~0~none~gge1837~0","W~505 -345 540 -345~#008800~1~0~none~gge1838~0","N~305~-485~0~#0000ff~PA0~gge1839~start~307~-487.5~Times New Roman~7pt~0","N~305~-475~0~#0000ff~PA1~gge1847~start~307~-477.5~Times New Roman~7pt~0","N~305~-465~0~#0000ff~PA2~gge1851~start~307~-467.5~Times New Roman~7pt~0","N~305~-455~0~#0000ff~PA3~gge1855~start~307~-457.5~Times New Roman~7pt~0","N~305~-445~0~#0000ff~PA4~gge1859~start~307~-447.5~Times New Roman~7pt~0","N~305~-435~0~#0000ff~PA5~gge1863~start~307~-437.5~Times New Roman~7pt~0","N~305~-425~0~#0000ff~PA6~gge1867~start~307~-427.5~Times New Roman~7pt~0","N~305~-415~0~#0000ff~PA7~gge1871~start~307~-417.5~Times New Roman~7pt~0","N~510~-385~0~#0000ff~PA8~gge1875~start~512~-387.5~Times New Roman~7pt~0","N~510~-395~0~#0000ff~PA9~gge1879~start~512~-397.5~Times New Roman~7pt~0","N~510~-405~0~#0000ff~PA10~gge1883~start~512~-407.5~Times New Roman~7pt~0","N~510~-475~0~#0000ff~PA15~gge1891~start~512~-477.5~Times New Roman~7pt~0","N~305~-405~0~#0000ff~PB0~gge1899~start~307~-407.5~Times New Roman~7pt~0","N~305~-395~0~#0000ff~PB1~gge1908~start~307~-397.5~Times New Roman~7pt~0","N~305~-375~0~#0000ff~PB10~gge1913~start~307~-377.5~Times New Roman~7pt~0","N~305~-365~0~#0000ff~PB11~gge1918~start~307~-367.5~Times New Roman~7pt~0","N~510~-345~0~#0000ff~PB12~gge1922~start~512~-347.5~Times New Roman~7pt~0","N~510~-355~0~#0000ff~PB13~gge1926~start~512~-357.5~Times New Roman~7pt~0","N~510~-365~0~#0000ff~PB14~gge1930~start~512~-367.5~Times New Roman~7pt~0","N~510~-375~0~#0000ff~PB15~gge1934~start~512~-377.5~Times New Roman~7pt~0","N~510~-485~0~#0000ff~PB3~gge1942~start~512~-487.5~Times New Roman~7pt~0","N~510~-495~0~#0000ff~PB4~gge1950~start~512~-497.5~Times New Roman~7pt~0","N~510~-505~0~#0000ff~PB5~gge1954~start~512~-507.5~Times New Roman~7pt~0","N~510~-515~0~#0000ff~PB6~gge1958~start~512~-517.5~Times New Roman~7pt~0","N~510~-525~0~#0000ff~PB7~gge1962~start~512~-527.5~Times New Roman~7pt~0","N~510~-545~0~#0000ff~PB8~gge1966~start~512~-547.5~Times New Roman~7pt~0","N~510~-555~0~#0000ff~PB9~gge1970~start~512~-557.5~Times New Roman~7pt~0","LIB~110~-265~package`R0603`BOM_Supplier`LCSC`BOM_Manufacturer`RALEC`BOM_Manufacturer Part`RTT03471JTP`nameAlias`Resistance (Ohms)`BOM_Supplier Part`C103661`spicePre`R`spiceSymbolName`RTT03471JTP`Package Display`No`~~0~gge1978~1bf59dff03ec4233aa077dc7cf0e92a1~1585599bc52a4086aa1f85dd5eb6f4fd~0~030024fe1a15c0f6~yes~yes#@$T~N~104.03125~-272.140625~0~#000080~Arial~~~~~comment~470~0~start~gge2021~0~pinpart#@$T~P~104.0390625~-281.140625~0~#000080~Arial~~~~~comment~R5~0~start~gge2020~0~pinpart#@$P~show~1~2~130~-265~0~gge1983~0^^130~-265^^M 130 -265 h -10~#000000^^0~115~-262~0~2~end~~~#000000^^0~125~-266~0~2~start~~~#000000^^0~123~-265^^0~M 120 -268 L 117 -265 L 120 -262#@$P~show~1~1~90~-265~180~gge1990~0^^90~-265^^M 90 -265 h 10~#000000^^0~105~-262~0~1~start~~~#000000^^0~95~-266~0~1~end~~~#000000^^0~97~-265^^0~M 100 -262 L 103 -265 L 100 -268#@$R~100~-269~~~20~8~#880000~1~0~none~gge1997~0~","LIB~110~-230~package`R0603`BOM_Supplier`LCSC`BOM_Manufacturer`RALEC`BOM_Manufacturer Part`RTT03471JTP`nameAlias`Resistance (Ohms)`BOM_Supplier Part`C103661`spicePre`R`spiceSymbolName`RTT03471JTP`Package Display`No`~~0~gge2028~1bf59dff03ec4233aa077dc7cf0e92a1~1585599bc52a4086aa1f85dd5eb6f4fd~0~0b185b30391d8539~yes~yes#@$T~N~104.03125~-237.140625~0~#000080~Arial~~~~~comment~470~0~start~gge2030~0~pinpart#@$T~P~104.0390625~-246.140625~0~#000080~Arial~~~~~comment~R6~0~start~gge2032~0~pinpart#@$P~show~1~2~130~-230~0~gge2034~0^^130~-230^^M 130 -230 h -10~#000000^^0~115~-227~0~2~end~~~#000000^^0~125~-231~0~2~start~~~#000000^^0~123~-230^^0~M 120 -233 L 117 -230 L 120 -227#@$P~show~1~1~90~-230~180~gge2041~0^^90~-230^^M 90 -230 h 10~#000000^^0~105~-227~0~1~start~~~#000000^^0~95~-231~0~1~end~~~#000000^^0~97~-230^^0~M 100 -227 L 103 -230 L 100 -233#@$R~100~-234~~~20~8~#880000~1~0~none~gge2048~0~","LIB~110~-195~package`R0603`BOM_Supplier`LCSC`BOM_Manufacturer`RALEC`BOM_Manufacturer Part`RTT03471JTP`nameAlias`Resistance (Ohms)`BOM_Supplier Part`C103661`spicePre`R`spiceSymbolName`RTT03471JTP`Package Display`No`~~0~gge2053~1bf59dff03ec4233aa077dc7cf0e92a1~1585599bc52a4086aa1f85dd5eb6f4fd~0~d83138f18c865f5d~yes~yes#@$T~N~104.03125~-202.140625~0~#000080~Arial~~~~~comment~470~0~start~gge2055~0~pinpart#@$T~P~104.0390625~-211.140625~0~#000080~Arial~~~~~comment~R7~0~start~gge2057~0~pinpart#@$P~show~1~2~130~-195~0~gge2059~0^^130~-195^^M 130 -195 h -10~#000000^^0~115~-192~0~2~end~~~#000000^^0~125~-196~0~2~start~~~#000000^^0~123~-195^^0~M 120 -198 L 117 -195 L 120 -192#@$P~show~1~1~90~-195~180~gge2066~0^^90~-195^^M 90 -195 h 10~#000000^^0~105~-192~0~1~start~~~#000000^^0~95~-196~0~1~end~~~#000000^^0~97~-195^^0~M 100 -192 L 103 -195 L 100 -198#@$R~100~-199~~~20~8~#880000~1~0~none~gge2073~0~","LIB~110~-160~package`R0603`BOM_Supplier`LCSC`BOM_Manufacturer`RALEC`BOM_Manufacturer Part`RTT03471JTP`nameAlias`Resistance (Ohms)`BOM_Supplier Part`C103661`spicePre`R`spiceSymbolName`RTT03471JTP`Package Display`No`~~0~gge2078~1bf59dff03ec4233aa077dc7cf0e92a1~1585599bc52a4086aa1f85dd5eb6f4fd~0~d634bff017be5590~yes~yes#@$T~N~104.03125~-167.140625~0~#000080~Arial~~~~~comment~470~0~start~gge2080~0~pinpart#@$T~P~104.0390625~-176.140625~0~#000080~Arial~~~~~comment~R8~0~start~gge2082~0~pinpart#@$P~show~1~2~130~-160~0~gge2084~0^^130~-160^^M 130 -160 h -10~#000000^^0~115~-157~0~2~end~~~#000000^^0~125~-161~0~2~start~~~#000000^^0~123~-160^^0~M 120 -163 L 117 -160 L 120 -157#@$P~show~1~1~90~-160~180~gge2091~0^^90~-160^^M 90 -160 h 10~#000000^^0~105~-157~0~1~start~~~#000000^^0~95~-161~0~1~end~~~#000000^^0~97~-160^^0~M 100 -157 L 103 -160 L 100 -163#@$R~100~-164~~~20~8~#880000~1~0~none~gge2098~0~","LIB~110~-125~package`R0603`BOM_Supplier`LCSC`BOM_Manufacturer`RALEC`BOM_Manufacturer Part`RTT03471JTP`nameAlias`Resistance (Ohms)`BOM_Supplier Part`C103661`spicePre`R`spiceSymbolName`RTT03471JTP`Package Display`No`~~0~gge2103~1bf59dff03ec4233aa077dc7cf0e92a1~1585599bc52a4086aa1f85dd5eb6f4fd~0~6b54aa441e9b20af~yes~yes#@$T~N~104.03125~-132.140625~0~#000080~Arial~~~~~comment~470~0~start~gge2105~0~pinpart#@$T~P~104.0390625~-141.140625~0~#000080~Arial~~~~~comment~R9~0~start~gge2107~0~pinpart#@$P~show~1~2~130~-125~0~gge2109~0^^130~-125^^M 130 -125 h -10~#000000^^0~115~-122~0~2~end~~~#000000^^0~125~-126~0~2~start~~~#000000^^0~123~-125^^0~M 120 -128 L 117 -125 L 120 -122#@$P~show~1~1~90~-125~180~gge2116~0^^90~-125^^M 90 -125 h 10~#000000^^0~105~-122~0~1~start~~~#000000^^0~95~-126~0~1~end~~~#000000^^0~97~-125^^0~M 100 -122 L 103 -125 L 100 -128#@$R~100~-129~~~20~8~#880000~1~0~none~gge2123~0~","W~90 -125 90 -265 65 -265~#008800~1~0~none~gge2127~0","N~70~-265~0~#0000ff~3V3~gge2134~start~72~-267.5~Times New Roman~7pt~0","LIB~155~-265~package`LED0603-RD`BOM_Supplier`LCSC`BOM_Supplier Part`C193902`BOM_Manufacturer`Foshan NationStar Optoelectronics`BOM_Manufacturer Part`NCD0603R5`Contributor`LCSC`spicePre`L`spiceSymbolName`NCD0603R5`Package Display`No`~180~0~gge2138~7335dfa67b564d7988d09a073a20aa42~6b2735f0b54c4716a290001817a3cabd~0~6170c42f13c538ad~yes~yes#@$T~N~143.34375~-276~0~#000080~Arial~~~~~comment~NCD0603R5~0~start~gge2190~0~pinpart#@$T~P~143.3359375~-272~0~#000080~Arial~~~~~comment~LED1~1~start~gge2141~0~pinpart#@$PT~M 150 -271 L 160 -265 L 150 -258 Z ~#880000~1~0~#880000~gge2143~0~#@$PL~160 -257 160 -273~#880000~1~0~none~gge2144~0#@$P~show~0~2~135~-265~180~gge2145~0^^135~-265^^M 135 -265 h 15~#800^^0~154~-265~0~+~start~~~#800^^0~146~-269~0~2~end~~~#800^^0~147~-265^^0~M 150 -262 L 153 -265 L 150 -268#@$PL~159 -255 166 -248~#880000~1~0~none~gge2152~0#@$PL~163 -259 170 -252~#880000~1~0~none~gge2153~0#@$P~show~0~1~175~-265~0~gge2154~0^^175~-265^^M 175 -265 h -15~#800^^0~156~-265~0~-~end~~~#800^^0~164~-269~0~1~start~~~#800^^0~163~-265^^0~M 160 -268 L 157 -265 L 160 -262#@$PT~M 166 -248 L 162 -250 L 164 -252 Z ~#880000~1~0~#880000~gge2161~0~#@$PT~M 170 -252 L 166 -254 L 168 -256 Z ~#880000~1~0~#880000~gge2162~0~","W~130 -265 135 -265~#008800~1~0~none~gge2224~0","LIB~155~-230~package`LED0603-RD`BOM_Supplier`LCSC`BOM_Supplier Part`C193902`BOM_Manufacturer`Foshan NationStar Optoelectronics`BOM_Manufacturer Part`NCD0603R5`Contributor`LCSC`spicePre`L`spiceSymbolName`NCD0603R5`Package Display`No`~180~0~gge2227~7335dfa67b564d7988d09a073a20aa42~6b2735f0b54c4716a290001817a3cabd~0~c864cfd7efd1d429~yes~yes#@$T~N~143.34375~-241~0~#000080~Arial~~~~~comment~NCD0603R5~0~start~gge2229~0~pinpart#@$T~P~143.3359375~-237~0~#000080~Arial~~~~~comment~LED2~1~start~gge2231~0~pinpart#@$PT~M 150 -236 L 160 -230 L 150 -223 Z ~#880000~1~0~#880000~gge2233~0~#@$PL~160 -222 160 -238~#880000~1~0~none~gge2234~0#@$P~show~0~2~135~-230~180~gge2235~0^^135~-230^^M 135 -230 h 15~#800^^0~154~-230~0~+~start~~~#800^^0~146~-234~0~2~end~~~#800^^0~147~-230^^0~M 150 -227 L 153 -230 L 150 -233#@$PL~159 -220 166 -213~#880000~1~0~none~gge2242~0#@$PL~163 -224 170 -217~#880000~1~0~none~gge2243~0#@$P~show~0~1~175~-230~0~gge2244~0^^175~-230^^M 175 -230 h -15~#800^^0~156~-230~0~-~end~~~#800^^0~164~-234~0~1~start~~~#800^^0~163~-230^^0~M 160 -233 L 157 -230 L 160 -227#@$PT~M 166 -213 L 162 -215 L 164 -217 Z ~#880000~1~0~#880000~gge2251~0~#@$PT~M 170 -217 L 166 -219 L 168 -221 Z ~#880000~1~0~#880000~gge2252~0~","W~130 -230 135 -230~#008800~1~0~none~gge2256~0","LIB~155~-195~package`LED0603-RD`BOM_Supplier`LCSC`BOM_Supplier Part`C193902`BOM_Manufacturer`Foshan NationStar Optoelectronics`BOM_Manufacturer Part`NCD0603R5`Contributor`LCSC`spicePre`L`spiceSymbolName`NCD0603R5`Package Display`No`~180~0~gge2258~7335dfa67b564d7988d09a073a20aa42~6b2735f0b54c4716a290001817a3cabd~0~1870c516f24f4e26~yes~yes#@$T~N~143.34375~-206~0~#000080~Arial~~~~~comment~NCD0603R5~0~start~gge2260~0~pinpart#@$T~P~143.3359375~-202~0~#000080~Arial~~~~~comment~LED3~1~start~gge2262~0~pinpart#@$PT~M 150 -201 L 160 -195 L 150 -188 Z ~#880000~1~0~#880000~gge2264~0~#@$PL~160 -187 160 -203~#880000~1~0~none~gge2265~0#@$P~show~0~2~135~-195~180~gge2266~0^^135~-195^^M 135 -195 h 15~#800^^0~154~-195~0~+~start~~~#800^^0~146~-199~0~2~end~~~#800^^0~147~-195^^0~M 150 -192 L 153 -195 L 150 -198#@$PL~159 -185 166 -178~#880000~1~0~none~gge2273~0#@$PL~163 -189 170 -182~#880000~1~0~none~gge2274~0#@$P~show~0~1~175~-195~0~gge2275~0^^175~-195^^M 175 -195 h -15~#800^^0~156~-195~0~-~end~~~#800^^0~164~-199~0~1~start~~~#800^^0~163~-195^^0~M 160 -198 L 157 -195 L 160 -192#@$PT~M 166 -178 L 162 -180 L 164 -182 Z ~#880000~1~0~#880000~gge2282~0~#@$PT~M 170 -182 L 166 -184 L 168 -186 Z ~#880000~1~0~#880000~gge2283~0~","W~130 -195 135 -195~#008800~1~0~none~gge2288~0","LIB~155~-160~package`LED0603-RD`BOM_Supplier`LCSC`BOM_Supplier Part`C193902`BOM_Manufacturer`Foshan NationStar Optoelectronics`BOM_Manufacturer Part`NCD0603R5`Contributor`LCSC`spicePre`L`spiceSymbolName`NCD0603R5`Package Display`No`~180~0~gge2290~7335dfa67b564d7988d09a073a20aa42~6b2735f0b54c4716a290001817a3cabd~0~8357ef9a5b8ce2aa~yes~yes#@$T~N~143.34375~-171~0~#000080~Arial~~~~~comment~NCD0603R5~0~start~gge2292~0~pinpart#@$T~P~143.3359375~-167~0~#000080~Arial~~~~~comment~LED4~1~start~gge2294~0~pinpart#@$PT~M 150 -166 L 160 -160 L 150 -153 Z ~#880000~1~0~#880000~gge2296~0~#@$PL~160 -152 160 -168~#880000~1~0~none~gge2297~0#@$P~show~0~2~135~-160~180~gge2298~0^^135~-160^^M 135 -160 h 15~#800^^0~154~-160~0~+~start~~~#800^^0~146~-164~0~2~end~~~#800^^0~147~-160^^0~M 150 -157 L 153 -160 L 150 -163#@$PL~159 -150 166 -143~#880000~1~0~none~gge2305~0#@$PL~163 -154 170 -147~#880000~1~0~none~gge2306~0#@$P~show~0~1~175~-160~0~gge2307~0^^175~-160^^M 175 -160 h -15~#800^^0~156~-160~0~-~end~~~#800^^0~164~-164~0~1~start~~~#800^^0~163~-160^^0~M 160 -163 L 157 -160 L 160 -157#@$PT~M 166 -143 L 162 -145 L 164 -147 Z ~#880000~1~0~#880000~gge2314~0~#@$PT~M 170 -147 L 166 -149 L 168 -151 Z ~#880000~1~0~#880000~gge2315~0~","W~135 -160 130 -160~#008800~1~0~none~gge2319~0","LIB~155~-125~package`LED0603-RD`BOM_Supplier`LCSC`BOM_Supplier Part`C193902`BOM_Manufacturer`Foshan NationStar Optoelectronics`BOM_Manufacturer Part`NCD0603R5`Contributor`LCSC`spicePre`L`spiceSymbolName`NCD0603R5`Package Display`No`~180~0~gge2321~7335dfa67b564d7988d09a073a20aa42~6b2735f0b54c4716a290001817a3cabd~0~9528f2640d4781fc~yes~yes#@$T~N~143.34375~-136~0~#000080~Arial~~~~~comment~NCD0603R5~0~start~gge2323~0~pinpart#@$T~P~143.3359375~-132~0~#000080~Arial~~~~~comment~LED5~1~start~gge2325~0~pinpart#@$PT~M 150 -131 L 160 -125 L 150 -118 Z ~#880000~1~0~#880000~gge2327~0~#@$PL~160 -117 160 -133~#880000~1~0~none~gge2328~0#@$P~show~0~2~135~-125~180~gge2329~0^^135~-125^^M 135 -125 h 15~#800^^0~154~-125~0~+~start~~~#800^^0~146~-129~0~2~end~~~#800^^0~147~-125^^0~M 150 -122 L 153 -125 L 150 -128#@$PL~159 -115 166 -108~#880000~1~0~none~gge2336~0#@$PL~163 -119 170 -112~#880000~1~0~none~gge2337~0#@$P~show~0~1~175~-125~0~gge2338~0^^175~-125^^M 175 -125 h -15~#800^^0~156~-125~0~-~end~~~#800^^0~164~-129~0~1~start~~~#800^^0~163~-125^^0~M 160 -128 L 157 -125 L 160 -122#@$PT~M 166 -108 L 162 -110 L 164 -112 Z ~#880000~1~0~#880000~gge2345~0~#@$PT~M 170 -112 L 166 -114 L 168 -116 Z ~#880000~1~0~#880000~gge2346~0~","W~135 -125 130 -125~#008800~1~0~none~gge2351~0","W~230 -255 215 -255 215 -265 210 -265 175 -265~#008800~1~0~none~gge2352~0","W~230 -245 210 -245 210 -230 175 -230~#008800~1~0~none~gge2353~0","W~230 -235 215 -235 215 -195 210 -195 175 -195~#008800~1~0~none~gge2354~0","W~230 -225 225 -225 225 -160 210 -160 175 -160~#008800~1~0~none~gge2355~0","W~230 -215 230 -125 210 -125 175 -125~#008800~1~0~none~gge2356~0","N~180~-265~0~#0000ff~PC13~gge2358~start~182~-267.5~Times New Roman~7pt~0","N~180~-230~0~#0000ff~PC14~gge2363~start~182~-232.5~Times New Roman~7pt~0","N~180~-195~0~#0000ff~PC15~gge2368~start~182~-197.5~Times New Roman~7pt~0","N~180~-160~0~#0000ff~PF0~gge2373~start~182~-162.5~Times New Roman~7pt~0","N~180~-125~0~#0000ff~PF1~gge2378~start~182~-127.5~Times New Roman~7pt~0","R~45~-310~~~250~200~#000000~1~0~none~gge2382~0~","T~L~110~-295~0~#0000FF~~9pt~~~~comment~LED\u8f93\u51fa~1~start~gge2383~0~pinpart","LIB~250~-240~package`HDR-TH_6P-P2.54-V_Z-211-0611-0021-001`BOM_Supplier`LCSC`BOM_Manufacturer`Ckmtw`BOM_Manufacturer Part`210S-1*6P L=11.6MMGold-plated black`Contributor`LCSC`BOM_Supplier Part`C124380`spicePre`H`spiceSymbolName`210S-1*6P L=11.6MMGold-plated black`Package Display`No`~~0~gge2385~b0b89365d0124ec89d0a6d8173f90f5d~1005146bd1214a828a0dab821604598c~0~53d1cbc6afee815a~yes~yes#@$T~N~243.03125~-278~0~#000080~Arial~~~~~comment~210S-1*6P L=11.6MMGold-plated black~0~start~gge2485~0~#@$T~P~249.046875~-282~0~#000080~Arial~~~~~comment~LED~1~start~gge2388~0~#@$R~240~-275~2~2~30~70~#880000~1~0~none~gge2390~0~#@$E~243~-272~1.5~1.5~#880000~1~0~#880000~gge2391~0#@$P~show~0~1~230~-265~180~gge2392~0^^230~-265^^M 230 -265 h 10~#880000^^1~243.7~-261~0~VCC~start~~~#0000FF^^1~239.5~-266~0~1~end~~~#0000FF^^0~237~-265^^0~M 240 -262 L 243 -265 L 240 -268#@$P~show~0~2~230~-255~180~gge2399~0^^230~-255^^M 230 -255 h 10~#880000^^1~243.7~-251~0~LED1~start~~~#0000FF^^1~239.5~-256~0~2~end~~~#0000FF^^0~237~-255^^0~M 240 -252 L 243 -255 L 240 -258#@$P~show~0~3~230~-245~180~gge2406~0^^230~-245^^M 230 -245 h 10~#880000^^1~243.7~-241~0~LED2~start~~~#0000FF^^1~239.5~-246~0~3~end~~~#0000FF^^0~237~-245^^0~M 240 -242 L 243 -245 L 240 -248#@$P~show~0~4~230~-235~180~gge2413~0^^230~-235^^M 230 -235 h 10~#880000^^1~243.7~-231~0~LED3~start~~~#0000FF^^1~239.5~-236~0~4~end~~~#0000FF^^0~237~-235^^0~M 240 -232 L 243 -235 L 240 -238#@$P~show~0~5~230~-225~180~gge2420~0^^230~-225^^M 230 -225 h 10~#880000^^1~243.7~-221~0~LED4~start~~~#0000FF^^1~239.5~-226~0~5~end~~~#0000FF^^0~237~-225^^0~M 240 -222 L 243 -225 L 240 -228#@$P~show~0~6~230~-215~180~gge2427~0^^230~-215^^M 230 -215 h 10~#880000^^1~243.7~-211~0~LED5~start~~~#0000FF^^1~239.5~-216~0~6~end~~~#0000FF^^0~237~-215^^0~M 240 -212 L 243 -215 L 240 -218","W~230 -265 230 -285 70 -285 70 -265~#008800~1~0~none~gge2491~0","LIB~400~-200~package`HDR-TH_12P-P2.54-H-W10.5`BOM_Supplier`LCSC`BOM_Supplier Part`C247920`BOM_Manufacturer`Boom Precision Elec`BOM_Manufacturer Part`C247920`Contributor`LCSC`spicePre`H`spiceSymbolName`C247920`Package Display`No`~0~0~gge2493~258d30a3def2409f9319ff6f97c21c3b~4566f7423e36475cbec899b637f28223~0~8d59d1e2f595f226~yes~yes#@$T~N~375.1875~-268~0~#000080~Arial~~~~~comment~C247920~0~start~gge2771~0~#@$T~P~376.1875~-267~0~#000080~Arial~~~~~comment~KB_OUT~1~start~gge2496~0~#@$R~390~-265~2~2~20~130~#880000~1~0~none~gge2498~0~#@$E~395~-260~1.5~1.5~#880000~1~0~#880000~gge2499~0#@$P~show~0~1~380~-255~180~gge2500~0^^380~-255^^M 380 -255 h 10~#880000^^1~393.7~-251~0~1~start~~~#0000FF^^0~389.5~-256~0~1~end~~~#0000FF^^0~387~-255^^0~M 390 -252 L 393 -255 L 390 -258#@$P~show~0~2~380~-245~180~gge2507~0^^380~-245^^M 380 -245 h 10~#880000^^1~393.7~-241~0~2~start~~~#0000FF^^0~389.5~-246~0~2~end~~~#0000FF^^0~387~-245^^0~M 390 -242 L 393 -245 L 390 -248#@$P~show~0~3~380~-235~180~gge2514~0^^380~-235^^M 380 -235 h 10~#880000^^1~393.7~-231~0~3~start~~~#0000FF^^0~389.5~-236~0~3~end~~~#0000FF^^0~387~-235^^0~M 390 -232 L 393 -235 L 390 -238#@$P~show~0~4~380~-225~180~gge2521~0^^380~-225^^M 380 -225 h 10~#880000^^1~393.7~-221~0~4~start~~~#0000FF^^0~389.5~-226~0~4~end~~~#0000FF^^0~387~-225^^0~M 390 -222 L 393 -225 L 390 -228#@$P~show~0~5~380~-215~180~gge2528~0^^380~-215^^M 380 -215 h 10~#880000^^1~393.7~-211~0~5~start~~~#0000FF^^0~389.5~-216~0~5~end~~~#0000FF^^0~387~-215^^0~M 390 -212 L 393 -215 L 390 -218#@$P~show~0~6~380~-205~180~gge2535~0^^380~-205^^M 380 -205 h 10~#880000^^1~393.7~-201~0~6~start~~~#0000FF^^0~389.5~-206~0~6~end~~~#0000FF^^0~387~-205^^0~M 390 -202 L 393 -205 L 390 -208#@$P~show~0~7~380~-195~180~gge2542~0^^380~-195^^M 380 -195 h 10~#880000^^1~393.7~-191~0~7~start~~~#0000FF^^0~389.5~-196~0~7~end~~~#0000FF^^0~387~-195^^0~M 390 -192 L 393 -195 L 390 -198#@$P~show~0~8~380~-185~180~gge2549~0^^380~-185^^M 380 -185 h 10~#880000^^1~393.7~-181~0~8~start~~~#0000FF^^0~389.5~-186~0~8~end~~~#0000FF^^0~387~-185^^0~M 390 -182 L 393 -185 L 390 -188#@$P~show~0~9~380~-175~180~gge2556~0^^380~-175^^M 380 -175 h 10~#880000^^1~393.7~-171~0~9~start~~~#0000FF^^0~389.5~-176~0~9~end~~~#0000FF^^0~387~-175^^0~M 390 -172 L 393 -175 L 390 -178#@$P~show~0~10~380~-165~180~gge2563~0^^380~-165^^M 380 -165 h 10~#880000^^1~393.7~-161~0~10~start~~~#0000FF^^0~389.5~-166~0~10~end~~~#0000FF^^0~387~-165^^0~M 390 -162 L 393 -165 L 390 -168#@$P~show~0~11~380~-155~180~gge2570~0^^380~-155^^M 380 -155 h 10~#880000^^1~393.7~-151~0~11~start~~~#0000FF^^0~389.5~-156~0~11~end~~~#0000FF^^0~387~-155^^0~M 390 -152 L 393 -155 L 390 -158#@$P~show~0~12~380~-145~180~gge2577~0^^380~-145^^M 380 -145 h 10~#880000^^1~393.7~-141~0~12~start~~~#0000FF^^0~389.5~-146~0~12~end~~~#0000FF^^0~387~-145^^0~M 390 -142 L 393 -145 L 390 -148","LIB~465~-200~package`HDR-TH_12P-P2.54-H-W10.5`BOM_Supplier`LCSC`BOM_Supplier Part`C247920`BOM_Manufacturer`Boom Precision Elec`BOM_Manufacturer Part`C247920`Contributor`LCSC`spicePre`H`spiceSymbolName`C247920`Package Display`No`~0~0~gge2586~258d30a3def2409f9319ff6f97c21c3b~4566f7423e36475cbec899b637f28223~0~fe626a762388078f~yes~yes#@$T~N~445.53125~-268~0~#000080~Arial~~~~~comment~C247920~0~start~gge2770~0~#@$T~P~451.53125~-267~0~#000080~Arial~~~~~comment~KB_IN~1~start~gge2589~0~#@$R~455~-265~2~2~20~130~#880000~1~0~none~gge2591~0~#@$E~460~-260~1.5~1.5~#880000~1~0~#880000~gge2592~0#@$P~show~0~1~445~-255~180~gge2593~0^^445~-255^^M 445 -255 h 10~#880000^^1~458.7~-251~0~1~start~~~#0000FF^^0~454.5~-256~0~1~end~~~#0000FF^^0~452~-255^^0~M 455 -252 L 458 -255 L 455 -258#@$P~show~0~2~445~-245~180~gge2600~0^^445~-245^^M 445 -245 h 10~#880000^^1~458.7~-241~0~2~start~~~#0000FF^^0~454.5~-246~0~2~end~~~#0000FF^^0~452~-245^^0~M 455 -242 L 458 -245 L 455 -248#@$P~show~0~3~445~-235~180~gge2607~0^^445~-235^^M 445 -235 h 10~#880000^^1~458.7~-231~0~3~start~~~#0000FF^^0~454.5~-236~0~3~end~~~#0000FF^^0~452~-235^^0~M 455 -232 L 458 -235 L 455 -238#@$P~show~0~4~445~-225~180~gge2614~0^^445~-225^^M 445 -225 h 10~#880000^^1~458.7~-221~0~4~start~~~#0000FF^^0~454.5~-226~0~4~end~~~#0000FF^^0~452~-225^^0~M 455 -222 L 458 -225 L 455 -228#@$P~show~0~5~445~-215~180~gge2621~0^^445~-215^^M 445 -215 h 10~#880000^^1~458.7~-211~0~5~start~~~#0000FF^^0~454.5~-216~0~5~end~~~#0000FF^^0~452~-215^^0~M 455 -212 L 458 -215 L 455 -218#@$P~show~0~6~445~-205~180~gge2628~0^^445~-205^^M 445 -205 h 10~#880000^^1~458.7~-201~0~6~start~~~#0000FF^^0~454.5~-206~0~6~end~~~#0000FF^^0~452~-205^^0~M 455 -202 L 458 -205 L 455 -208#@$P~show~0~7~445~-195~180~gge2635~0^^445~-195^^M 445 -195 h 10~#880000^^1~458.7~-191~0~7~start~~~#0000FF^^0~454.5~-196~0~7~end~~~#0000FF^^0~452~-195^^0~M 455 -192 L 458 -195 L 455 -198#@$P~show~0~8~445~-185~180~gge2642~0^^445~-185^^M 445 -185 h 10~#880000^^1~458.7~-181~0~8~start~~~#0000FF^^0~454.5~-186~0~8~end~~~#0000FF^^0~452~-185^^0~M 455 -182 L 458 -185 L 455 -188#@$P~show~0~9~445~-175~180~gge2649~0^^445~-175^^M 445 -175 h 10~#880000^^1~458.7~-171~0~9~start~~~#0000FF^^0~454.5~-176~0~9~end~~~#0000FF^^0~452~-175^^0~M 455 -172 L 458 -175 L 455 -178#@$P~show~0~10~445~-165~180~gge2656~0^^445~-165^^M 445 -165 h 10~#880000^^1~458.7~-161~0~10~start~~~#0000FF^^0~454.5~-166~0~10~end~~~#0000FF^^0~452~-165^^0~M 455 -162 L 458 -165 L 455 -168#@$P~show~0~11~445~-155~180~gge2663~0^^445~-155^^M 445 -155 h 10~#880000^^1~458.7~-151~0~11~start~~~#0000FF^^0~454.5~-156~0~11~end~~~#0000FF^^0~452~-155^^0~M 455 -152 L 458 -155 L 455 -158#@$P~show~0~12~445~-145~180~gge2670~0^^445~-145^^M 445 -145 h 10~#880000^^1~458.7~-141~0~12~start~~~#0000FF^^0~454.5~-146~0~12~end~~~#0000FF^^0~452~-145^^0~M 455 -142 L 458 -145 L 455 -148","W~380 -255 360 -255~#008800~1~0~none~gge2772~0","W~380 -245 360 -245~#008800~1~0~none~gge2773~0","W~380 -235 360 -235~#008800~1~0~none~gge2774~0","W~380 -225 360 -225~#008800~1~0~none~gge2775~0","W~380 -215 360 -215~#008800~1~0~none~gge2776~0","W~380 -205 360 -205~#008800~1~0~none~gge2777~0","W~380 -195 360 -195~#008800~1~0~none~gge2778~0","W~380 -185 360 -185~#008800~1~0~none~gge2779~0","W~380 -175 360 -175~#008800~1~0~none~gge2780~0","W~380 -165 360 -165~#008800~1~0~none~gge2781~0","W~380 -155 360 -155~#008800~1~0~none~gge2782~0","W~380 -145 360 -145~#008800~1~0~none~gge2783~0","W~445 -255 425 -255~#008800~1~0~none~gge2784~0","W~445 -245 425 -245~#008800~1~0~none~gge2785~0","W~445 -235 425 -235~#008800~1~0~none~gge2786~0","W~445 -225 425 -225~#008800~1~0~none~gge2787~0","W~445 -215 425 -215~#008800~1~0~none~gge2788~0","W~445 -205 425 -205~#008800~1~0~none~gge2789~0","W~445 -195 425 -195~#008800~1~0~none~gge2790~0","W~445 -185 425 -185~#008800~1~0~none~gge2791~0","W~445 -175 425 -175~#008800~1~0~none~gge2792~0","W~445 -165 425 -165~#008800~1~0~none~gge2793~0","W~445 -155 425 -155~#008800~1~0~none~gge2794~0","W~445 -145 425 -145~#008800~1~0~none~gge2795~0","N~360~-255~0~#0000ff~PA0~gge2798~start~362~-257.5~Times New Roman~7pt~0","N~360~-245~0~#0000ff~PA1~gge2806~start~362~-247.5~Times New Roman~7pt~0","N~360~-235~0~#0000ff~PA2~gge2810~start~362~-237.5~Times New Roman~7pt~0","N~360~-225~0~#0000ff~PA3~gge2814~start~362~-227.5~Times New Roman~7pt~0","N~360~-215~0~#0000ff~PA4~gge2818~start~362~-217.5~Times New Roman~7pt~0","N~360~-205~0~#0000ff~PA5~gge2822~start~362~-207.5~Times New Roman~7pt~0","N~360~-195~0~#0000ff~PA6~gge2826~start~362~-197.5~Times New Roman~7pt~0","N~360~-185~0~#0000ff~PA7~gge2830~start~362~-187.5~Times New Roman~7pt~0","N~360~-175~0~#0000ff~PA8~gge2834~start~362~-177.5~Times New Roman~7pt~0","N~360~-165~0~#0000ff~PA9~gge2838~start~362~-167.5~Times New Roman~7pt~0","N~425~-255~0~#0000ff~PB3~gge2850~start~427~-257.5~Times New Roman~7pt~0","N~425~-245~0~#0000ff~PB4~gge2858~start~427~-247.5~Times New Roman~7pt~0","N~425~-235~0~#0000ff~PB5~gge2862~start~427~-237.5~Times New Roman~7pt~0","N~425~-225~0~#0000ff~PB6~gge2866~start~427~-227.5~Times New Roman~7pt~0","N~425~-215~0~#0000ff~PB7~gge2870~start~427~-217.5~Times New Roman~7pt~0","N~425~-205~0~#0000ff~PB8~gge2874~start~427~-207.5~Times New Roman~7pt~0","N~425~-195~0~#0000ff~PB9~gge2878~start~427~-197.5~Times New Roman~7pt~0","N~425~-185~0~#0000ff~PB10~gge2882~start~427~-187.5~Times New Roman~7pt~0","N~425~-175~0~#0000ff~PB11~gge2886~start~427~-177.5~Times New Roman~7pt~0","N~425~-165~0~#0000ff~PB12~gge2890~start~427~-167.5~Times New Roman~7pt~0","N~425~-155~0~#0000ff~PB13~gge2894~start~427~-157.5~Times New Roman~7pt~0","N~360~-145~0~#0000ff~GND~gge2902~start~362~-147.5~Times New Roman~7pt~0","N~425~-145~0~#0000ff~3V3~gge2906~start~427~-147.5~Times New Roman~7pt~0","N~360~-155~0~#0000ff~GND~gge2915~start~362~-157.5~Times New Roman~7pt~0","R~340~-310~~~155~180~#000000~1~0~none~gge2920~0~","T~L~365~-290~0~#0000FF~~9pt~~~~comment~\u81ea\u5b9a\u4e49\u952e\u76d8\u626b\u63cf\u63a5\u53e3~1~start~gge2921~0~pinpart","LIB~705~-545~package`KEY-SMD_4P-L6.0-W6.0-P3.90-LS10.0`BOM_Supplier`LCSC`BOM_Manufacturer`HRO`BOM_Manufacturer Part`K2-6639SP-C4SC-04`BOM_Supplier Part`C83206`spicePre`S`spiceSymbolName`K2-6639SP-C4SC-04`Package Display`No`~~0~gge3012~fb532a834f114cab8c58c4bcae32e8d3~625869aed35cdfe9d2d607dd7ebbc6f1~0~00368f12fde4e25e~yes~yes#@$T~N~694.890625~-568~0~#000080~Arial~~~~~comment~K2-6639SP-C4SC-04~0~start~gge3014~0~#@$T~P~686.859375~-561.75~0~#000080~Arial~~~~~comment~UP~1~start~gge3016~0~#@$PL~691 -535 691 -555~#880000~1~0~none~gge3018~0#@$PL~719 -535 719 -555~#880000~1~0~none~gge3019~0#@$P~show~0~2~675~-535~180~gge3020~0^^675~-535^^M 675 -535 h 10~#880000^^0~687~-532~0~2~start~~~#0000FF^^1~685~-536~0~2~end~~~#0000FF^^0~682~-535^^0~M 685 -532 L 688 -535 L 685 -538#@$P~show~0~1~675~-555~180~gge3027~0^^675~-555^^M 675 -555 h 10~#880000^^0~687~-552~0~1~start~~~#0000FF^^1~685~-556~0~1~end~~~#0000FF^^0~682~-555^^0~M 685 -552 L 688 -555 L 685 -558#@$P~show~0~3~735~-555~0~gge3034~0^^735~-555^^M 735 -555 h -10~#880000^^0~723~-552~0~3~end~~~#0000FF^^1~725~-556~0~3~start~~~#0000FF^^0~728~-555^^0~M 725 -558 L 722 -555 L 725 -552#@$P~show~0~4~735~-535~0~gge3041~0^^735~-535^^M 735 -535 h -10~#880000^^0~723~-532~0~4~end~~~#0000FF^^1~725~-536~0~4~start~~~#0000FF^^0~728~-535^^0~M 725 -538 L 722 -535 L 725 -532#@$E~709~-545~1~1~#880000~1~0~none~gge3048~0#@$PL~685 -555 691 -555~#880000~1~0~none~gge3049~0#@$PL~685 -535 691 -535~#880000~1~0~none~gge3050~0#@$PL~725 -555 719 -555~#880000~1~0~none~gge3051~0#@$PL~725 -535 719 -535~#880000~1~0~none~gge3052~0#@$E~701~-545~1~1~#880000~1~0~none~gge3053~0#@$PL~710 -545 719 -545~#880000~1~0~none~gge3054~0#@$PL~700 -545 691 -545~#880000~1~0~none~gge3055~0#@$PL~702 -546 709 -551~#880000~1~0~none~gge3056~0","LIB~705~-500~package`KEY-SMD_4P-L6.0-W6.0-P3.90-LS10.0`BOM_Supplier`LCSC`BOM_Manufacturer`HRO`BOM_Manufacturer Part`K2-6639SP-C4SC-04`BOM_Supplier Part`C83206`spicePre`S`spiceSymbolName`K2-6639SP-C4SC-04`Package Display`No`~~0~gge3058~fb532a834f114cab8c58c4bcae32e8d3~625869aed35cdfe9d2d607dd7ebbc6f1~0~a34251167705d773~yes~yes#@$T~N~694.890625~-523~0~#000080~Arial~~~~~comment~K2-6639SP-C4SC-04~0~start~gge3060~0~#@$T~P~686.859375~-516.75~0~#000080~Arial~~~~~comment~DOWN~1~start~gge3062~0~#@$PL~691 -490 691 -510~#880000~1~0~none~gge3064~0#@$PL~719 -490 719 -510~#880000~1~0~none~gge3065~0#@$P~show~0~2~675~-490~180~gge3066~0^^675~-490^^M 675 -490 h 10~#880000^^0~687~-487~0~2~start~~~#0000FF^^1~685~-491~0~2~end~~~#0000FF^^0~682~-490^^0~M 685 -487 L 688 -490 L 685 -493#@$P~show~0~1~675~-510~180~gge3073~0^^675~-510^^M 675 -510 h 10~#880000^^0~687~-507~0~1~start~~~#0000FF^^1~685~-511~0~1~end~~~#0000FF^^0~682~-510^^0~M 685 -507 L 688 -510 L 685 -513#@$P~show~0~3~735~-510~0~gge3080~0^^735~-510^^M 735 -510 h -10~#880000^^0~723~-507~0~3~end~~~#0000FF^^1~725~-511~0~3~start~~~#0000FF^^0~728~-510^^0~M 725 -513 L 722 -510 L 725 -507#@$P~show~0~4~735~-490~0~gge3087~0^^735~-490^^M 735 -490 h -10~#880000^^0~723~-487~0~4~end~~~#0000FF^^1~725~-491~0~4~start~~~#0000FF^^0~728~-490^^0~M 725 -493 L 722 -490 L 725 -487#@$E~709~-500~1~1~#880000~1~0~none~gge3094~0#@$PL~685 -510 691 -510~#880000~1~0~none~gge3095~0#@$PL~685 -490 691 -490~#880000~1~0~none~gge3096~0#@$PL~725 -510 719 -510~#880000~1~0~none~gge3097~0#@$PL~725 -490 719 -490~#880000~1~0~none~gge3098~0#@$E~701~-500~1~1~#880000~1~0~none~gge3099~0#@$PL~710 -500 719 -500~#880000~1~0~none~gge3100~0#@$PL~700 -500 691 -500~#880000~1~0~none~gge3101~0#@$PL~702 -501 709 -506~#880000~1~0~none~gge3102~0","LIB~705~-455~package`KEY-SMD_4P-L6.0-W6.0-P3.90-LS10.0`BOM_Supplier`LCSC`BOM_Manufacturer`HRO`BOM_Manufacturer Part`K2-6639SP-C4SC-04`BOM_Supplier Part`C83206`spicePre`S`spiceSymbolName`K2-6639SP-C4SC-04`Package Display`No`~~0~gge3104~fb532a834f114cab8c58c4bcae32e8d3~625869aed35cdfe9d2d607dd7ebbc6f1~0~d237cb0f644baf02~yes~yes#@$T~N~694.890625~-478~0~#000080~Arial~~~~~comment~K2-6639SP-C4SC-04~0~start~gge3106~0~#@$T~P~686.859375~-471.75~0~#000080~Arial~~~~~comment~RIGHT~1~start~gge3108~0~#@$PL~691 -445 691 -465~#880000~1~0~none~gge3110~0#@$PL~719 -445 719 -465~#880000~1~0~none~gge3111~0#@$P~show~0~2~675~-445~180~gge3112~0^^675~-445^^M 675 -445 h 10~#880000^^0~687~-442~0~2~start~~~#0000FF^^1~685~-446~0~2~end~~~#0000FF^^0~682~-445^^0~M 685 -442 L 688 -445 L 685 -448#@$P~show~0~1~675~-465~180~gge3119~0^^675~-465^^M 675 -465 h 10~#880000^^0~687~-462~0~1~start~~~#0000FF^^1~685~-466~0~1~end~~~#0000FF^^0~682~-465^^0~M 685 -462 L 688 -465 L 685 -468#@$P~show~0~3~735~-465~0~gge3126~0^^735~-465^^M 735 -465 h -10~#880000^^0~723~-462~0~3~end~~~#0000FF^^1~725~-466~0~3~start~~~#0000FF^^0~728~-465^^0~M 725 -468 L 722 -465 L 725 -462#@$P~show~0~4~735~-445~0~gge3133~0^^735~-445^^M 735 -445 h -10~#880000^^0~723~-442~0~4~end~~~#0000FF^^1~725~-446~0~4~start~~~#0000FF^^0~728~-445^^0~M 725 -448 L 722 -445 L 725 -442#@$E~709~-455~1~1~#880000~1~0~none~gge3140~0#@$PL~685 -465 691 -465~#880000~1~0~none~gge3141~0#@$PL~685 -445 691 -445~#880000~1~0~none~gge3142~0#@$PL~725 -465 719 -465~#880000~1~0~none~gge3143~0#@$PL~725 -445 719 -445~#880000~1~0~none~gge3144~0#@$E~701~-455~1~1~#880000~1~0~none~gge3145~0#@$PL~710 -455 719 -455~#880000~1~0~none~gge3146~0#@$PL~700 -455 691 -455~#880000~1~0~none~gge3147~0#@$PL~702 -456 709 -461~#880000~1~0~none~gge3148~0","LIB~705~-410~package`KEY-SMD_4P-L6.0-W6.0-P3.90-LS10.0`BOM_Supplier`LCSC`BOM_Manufacturer`HRO`BOM_Manufacturer Part`K2-6639SP-C4SC-04`BOM_Supplier Part`C83206`spicePre`S`spiceSymbolName`K2-6639SP-C4SC-04`Package Display`No`~~0~gge3150~fb532a834f114cab8c58c4bcae32e8d3~625869aed35cdfe9d2d607dd7ebbc6f1~0~0ac9a4a8dcbb36db~yes~yes#@$T~N~694.890625~-433~0~#000080~Arial~~~~~comment~K2-6639SP-C4SC-04~0~start~gge3152~0~#@$T~P~686.859375~-426.75~0~#000080~Arial~~~~~comment~LEFT~1~start~gge3154~0~#@$PL~691 -400 691 -420~#880000~1~0~none~gge3156~0#@$PL~719 -400 719 -420~#880000~1~0~none~gge3157~0#@$P~show~0~2~675~-400~180~gge3158~0^^675~-400^^M 675 -400 h 10~#880000^^0~687~-397~0~2~start~~~#0000FF^^1~685~-401~0~2~end~~~#0000FF^^0~682~-400^^0~M 685 -397 L 688 -400 L 685 -403#@$P~show~0~1~675~-420~180~gge3165~0^^675~-420^^M 675 -420 h 10~#880000^^0~687~-417~0~1~start~~~#0000FF^^1~685~-421~0~1~end~~~#0000FF^^0~682~-420^^0~M 685 -417 L 688 -420 L 685 -423#@$P~show~0~3~735~-420~0~gge3172~0^^735~-420^^M 735 -420 h -10~#880000^^0~723~-417~0~3~end~~~#0000FF^^1~725~-421~0~3~start~~~#0000FF^^0~728~-420^^0~M 725 -423 L 722 -420 L 725 -417#@$P~show~0~4~735~-400~0~gge3179~0^^735~-400^^M 735 -400 h -10~#880000^^0~723~-397~0~4~end~~~#0000FF^^1~725~-401~0~4~start~~~#0000FF^^0~728~-400^^0~M 725 -403 L 722 -400 L 725 -397#@$E~709~-410~1~1~#880000~1~0~none~gge3186~0#@$PL~685 -420 691 -420~#880000~1~0~none~gge3187~0#@$PL~685 -400 691 -400~#880000~1~0~none~gge3188~0#@$PL~725 -420 719 -420~#880000~1~0~none~gge3189~0#@$PL~725 -400 719 -400~#880000~1~0~none~gge3190~0#@$E~701~-410~1~1~#880000~1~0~none~gge3191~0#@$PL~710 -410 719 -410~#880000~1~0~none~gge3192~0#@$PL~700 -410 691 -410~#880000~1~0~none~gge3193~0#@$PL~702 -411 709 -416~#880000~1~0~none~gge3194~0","LIB~705~-370~package`KEY-SMD_4P-L6.0-W6.0-P3.90-LS10.0`BOM_Supplier`LCSC`BOM_Manufacturer`HRO`BOM_Manufacturer Part`K2-6639SP-C4SC-04`BOM_Supplier Part`C83206`spicePre`S`spiceSymbolName`K2-6639SP-C4SC-04`Package Display`No`~~0~gge3196~fb532a834f114cab8c58c4bcae32e8d3~625869aed35cdfe9d2d607dd7ebbc6f1~0~6179534d4d15004e~yes~yes#@$T~N~694.890625~-393~0~#000080~Arial~~~~~comment~K2-6639SP-C4SC-04~0~start~gge3198~0~#@$T~P~686.859375~-386.75~0~#000080~Arial~~~~~comment~L_CLICK~1~start~gge3200~0~#@$PL~691 -360 691 -380~#880000~1~0~none~gge3202~0#@$PL~719 -360 719 -380~#880000~1~0~none~gge3203~0#@$P~show~0~2~675~-360~180~gge3204~0^^675~-360^^M 675 -360 h 10~#880000^^0~687~-357~0~2~start~~~#0000FF^^1~685~-361~0~2~end~~~#0000FF^^0~682~-360^^0~M 685 -357 L 688 -360 L 685 -363#@$P~show~0~1~675~-380~180~gge3211~0^^675~-380^^M 675 -380 h 10~#880000^^0~687~-377~0~1~start~~~#0000FF^^1~685~-381~0~1~end~~~#0000FF^^0~682~-380^^0~M 685 -377 L 688 -380 L 685 -383#@$P~show~0~3~735~-380~0~gge3218~0^^735~-380^^M 735 -380 h -10~#880000^^0~723~-377~0~3~end~~~#0000FF^^1~725~-381~0~3~start~~~#0000FF^^0~728~-380^^0~M 725 -383 L 722 -380 L 725 -377#@$P~show~0~4~735~-360~0~gge3225~0^^735~-360^^M 735 -360 h -10~#880000^^0~723~-357~0~4~end~~~#0000FF^^1~725~-361~0~4~start~~~#0000FF^^0~728~-360^^0~M 725 -363 L 722 -360 L 725 -357#@$E~709~-370~1~1~#880000~1~0~none~gge3232~0#@$PL~685 -380 691 -380~#880000~1~0~none~gge3233~0#@$PL~685 -360 691 -360~#880000~1~0~none~gge3234~0#@$PL~725 -380 719 -380~#880000~1~0~none~gge3235~0#@$PL~725 -360 719 -360~#880000~1~0~none~gge3236~0#@$E~701~-370~1~1~#880000~1~0~none~gge3237~0#@$PL~710 -370 719 -370~#880000~1~0~none~gge3238~0#@$PL~700 -370 691 -370~#880000~1~0~none~gge3239~0#@$PL~702 -371 709 -376~#880000~1~0~none~gge3240~0","LIB~705~-325~package`KEY-SMD_4P-L6.0-W6.0-P3.90-LS10.0`BOM_Supplier`LCSC`BOM_Manufacturer`HRO`BOM_Manufacturer Part`K2-6639SP-C4SC-04`BOM_Supplier Part`C83206`spicePre`S`spiceSymbolName`K2-6639SP-C4SC-04`Package Display`No`~~0~gge3242~fb532a834f114cab8c58c4bcae32e8d3~625869aed35cdfe9d2d607dd7ebbc6f1~0~9835762d29d086ce~yes~yes#@$T~N~694.890625~-348~0~#000080~Arial~~~~~comment~K2-6639SP-C4SC-04~0~start~gge3244~0~#@$T~P~686.859375~-341.75~0~#000080~Arial~~~~~comment~M_CLICK~1~start~gge3246~0~#@$PL~691 -315 691 -335~#880000~1~0~none~gge3248~0#@$PL~719 -315 719 -335~#880000~1~0~none~gge3249~0#@$P~show~0~2~675~-315~180~gge3250~0^^675~-315^^M 675 -315 h 10~#880000^^0~687~-312~0~2~start~~~#0000FF^^1~685~-316~0~2~end~~~#0000FF^^0~682~-315^^0~M 685 -312 L 688 -315 L 685 -318#@$P~show~0~1~675~-335~180~gge3257~0^^675~-335^^M 675 -335 h 10~#880000^^0~687~-332~0~1~start~~~#0000FF^^1~685~-336~0~1~end~~~#0000FF^^0~682~-335^^0~M 685 -332 L 688 -335 L 685 -338#@$P~show~0~3~735~-335~0~gge3264~0^^735~-335^^M 735 -335 h -10~#880000^^0~723~-332~0~3~end~~~#0000FF^^1~725~-336~0~3~start~~~#0000FF^^0~728~-335^^0~M 725 -338 L 722 -335 L 725 -332#@$P~show~0~4~735~-315~0~gge3271~0^^735~-315^^M 735 -315 h -10~#880000^^0~723~-312~0~4~end~~~#0000FF^^1~725~-316~0~4~start~~~#0000FF^^0~728~-315^^0~M 725 -318 L 722 -315 L 725 -312#@$E~709~-325~1~1~#880000~1~0~none~gge3278~0#@$PL~685 -335 691 -335~#880000~1~0~none~gge3279~0#@$PL~685 -315 691 -315~#880000~1~0~none~gge3280~0#@$PL~725 -335 719 -335~#880000~1~0~none~gge3281~0#@$PL~725 -315 719 -315~#880000~1~0~none~gge3282~0#@$E~701~-325~1~1~#880000~1~0~none~gge3283~0#@$PL~710 -325 719 -325~#880000~1~0~none~gge3284~0#@$PL~700 -325 691 -325~#880000~1~0~none~gge3285~0#@$PL~702 -326 709 -331~#880000~1~0~none~gge3286~0","LIB~705~-280~package`KEY-SMD_4P-L6.0-W6.0-P3.90-LS10.0`BOM_Supplier`LCSC`BOM_Manufacturer`HRO`BOM_Manufacturer Part`K2-6639SP-C4SC-04`BOM_Supplier Part`C83206`spicePre`S`spiceSymbolName`K2-6639SP-C4SC-04`Package Display`No`~~0~gge3288~fb532a834f114cab8c58c4bcae32e8d3~625869aed35cdfe9d2d607dd7ebbc6f1~0~ecb0d14ed6b6297b~yes~yes#@$T~N~694.890625~-303~0~#000080~Arial~~~~~comment~K2-6639SP-C4SC-04~0~start~gge3290~0~#@$T~P~686.859375~-296.75~0~#000080~Arial~~~~~comment~R_CLICK~1~start~gge3292~0~#@$PL~691 -270 691 -290~#880000~1~0~none~gge3294~0#@$PL~719 -270 719 -290~#880000~1~0~none~gge3295~0#@$P~show~0~2~675~-270~180~gge3296~0^^675~-270^^M 675 -270 h 10~#880000^^0~687~-267~0~2~start~~~#0000FF^^1~685~-271~0~2~end~~~#0000FF^^0~682~-270^^0~M 685 -267 L 688 -270 L 685 -273#@$P~show~0~1~675~-290~180~gge3303~0^^675~-290^^M 675 -290 h 10~#880000^^0~687~-287~0~1~start~~~#0000FF^^1~685~-291~0~1~end~~~#0000FF^^0~682~-290^^0~M 685 -287 L 688 -290 L 685 -293#@$P~show~0~3~735~-290~0~gge3310~0^^735~-290^^M 735 -290 h -10~#880000^^0~723~-287~0~3~end~~~#0000FF^^1~725~-291~0~3~start~~~#0000FF^^0~728~-290^^0~M 725 -293 L 722 -290 L 725 -287#@$P~show~0~4~735~-270~0~gge3317~0^^735~-270^^M 735 -270 h -10~#880000^^0~723~-267~0~4~end~~~#0000FF^^1~725~-271~0~4~start~~~#0000FF^^0~728~-270^^0~M 725 -273 L 722 -270 L 725 -267#@$E~709~-280~1~1~#880000~1~0~none~gge3324~0#@$PL~685 -290 691 -290~#880000~1~0~none~gge3325~0#@$PL~685 -270 691 -270~#880000~1~0~none~gge3326~0#@$PL~725 -290 719 -290~#880000~1~0~none~gge3327~0#@$PL~725 -270 719 -270~#880000~1~0~none~gge3328~0#@$E~701~-280~1~1~#880000~1~0~none~gge3329~0#@$PL~710 -280 719 -280~#880000~1~0~none~gge3330~0#@$PL~700 -280 691 -280~#880000~1~0~none~gge3331~0#@$PL~702 -281 709 -286~#880000~1~0~none~gge3332~0","W~675 -555 645 -555 645 -270 675 -270~#008800~1~0~none~gge3339~0","W~675 -290 645 -290~#008800~1~0~none~gge3340~0","W~675 -315 645 -315~#008800~1~0~none~gge3342~0","W~675 -335 645 -335~#008800~1~0~none~gge3344~0","W~675 -360 645 -360~#008800~1~0~none~gge3346~0","W~675 -380 645 -380~#008800~1~0~none~gge3348~0","W~675 -400 645 -400~#008800~1~0~none~gge3350~0","W~675 -420 645 -420~#008800~1~0~none~gge3352~0","W~675 -445 645 -445~#008800~1~0~none~gge3354~0","W~675 -465 645 -465~#008800~1~0~none~gge3356~0","W~675 -490 645 -490~#008800~1~0~none~gge3358~0","W~675 -510 645 -510~#008800~1~0~none~gge3360~0","W~675 -535 645 -535~#008800~1~0~none~gge3362~0","W~825 -490 825 -585 645 -585 645 -555~#008800~1~0~none~gge3366~0","N~645~-580~0~#0000ff~3V3~gge3368~start~647~-582.5~Times New Roman~7pt~0","W~735 -555 735 -535~#008800~1~0~none~gge3376~0","W~735 -510 735 -490~#008800~1~0~none~gge3377~0","W~735 -465 735 -445~#008800~1~0~none~gge3378~0","W~735 -420 735 -400~#008800~1~0~none~gge3379~0","W~735 -380 735 -360~#008800~1~0~none~gge3380~0","W~735 -335 735 -315~#008800~1~0~none~gge3381~0","W~735 -290 735 -270~#008800~1~0~none~gge3382~0","LIB~840~-450~package`HDR-TH_9P-P2.54-V`BOM_Supplier`LCSC`BOM_Manufacturer`Ckmtw`BOM_Manufacturer Part`220S-1*9P H=8.5MM Ytype Gold-plated`Contributor`LCSC`BOM_Supplier Part`C124417`spicePre`H`spiceSymbolName`220S-1*9P H=8.5MM Ytype Gold-plated`Package Display`No`~~0~gge3383~56621dc176674ff6a0a106b16bb6bd98~84b21645ae52457096a7af4c1e390bff~0~526e86553dcdbac0~yes~yes#@$T~N~834.53125~-503.5~0~#000080~Arial~~~~~comment~220S-1*9P H=8.5MM Ytype Gold-plated~0~start~gge3525~0~#@$T~P~832.8984375~-507~0~#000080~Arial~~~~~comment~MOUSE~1~start~gge3386~0~#@$R~835~-500~2~2~23~102~#880000~1~0~none~gge3388~0~#@$E~838~-497~1.5~1.5~#880000~1~0~#880000~gge3389~0#@$P~show~0~1~825~-490~180~gge3390~0^^825~-490^^M 825 -490 h 10~#880000^^1~838.7~-486~0~1~start~~~#0000FF^^0~834.5~-491~0~1~end~~~#0000FF^^0~832~-490^^0~M 835 -487 L 838 -490 L 835 -493#@$P~show~0~2~825~-480~180~gge3397~0^^825~-480^^M 825 -480 h 10~#880000^^1~838.7~-476~0~2~start~~~#0000FF^^0~834.5~-481~0~2~end~~~#0000FF^^0~832~-480^^0~M 835 -477 L 838 -480 L 835 -483#@$P~show~0~3~825~-470~180~gge3404~0^^825~-470^^M 825 -470 h 10~#880000^^1~838.7~-466~0~3~start~~~#0000FF^^0~834.5~-471~0~3~end~~~#0000FF^^0~832~-470^^0~M 835 -467 L 838 -470 L 835 -473#@$P~show~0~4~825~-460~180~gge3411~0^^825~-460^^M 825 -460 h 10~#880000^^1~838.7~-456~0~4~start~~~#0000FF^^0~834.5~-461~0~4~end~~~#0000FF^^0~832~-460^^0~M 835 -457 L 838 -460 L 835 -463#@$P~show~0~5~825~-450~180~gge3418~0^^825~-450^^M 825 -450 h 10~#880000^^1~838.7~-446~0~5~start~~~#0000FF^^0~834.5~-451~0~5~end~~~#0000FF^^0~832~-450^^0~M 835 -447 L 838 -450 L 835 -453#@$P~show~0~6~825~-440~180~gge3425~0^^825~-440^^M 825 -440 h 10~#880000^^1~838.7~-436~0~6~start~~~#0000FF^^0~834.5~-441~0~6~end~~~#0000FF^^0~832~-440^^0~M 835 -437 L 838 -440 L 835 -443#@$P~show~0~7~825~-430~180~gge3432~0^^825~-430^^M 825 -430 h 10~#880000^^1~838.7~-426~0~7~start~~~#0000FF^^0~834.5~-431~0~7~end~~~#0000FF^^0~832~-430^^0~M 835 -427 L 838 -430 L 835 -433#@$P~show~0~8~825~-420~180~gge3439~0^^825~-420^^M 825 -420 h 10~#880000^^1~838.7~-416~0~8~start~~~#0000FF^^0~834.5~-421~0~8~end~~~#0000FF^^0~832~-420^^0~M 835 -417 L 838 -420 L 835 -423#@$P~show~0~9~825~-410~180~gge3446~0^^825~-410^^M 825 -410 h 10~#880000^^1~838.7~-406~0~9~start~~~#0000FF^^0~834.5~-411~0~9~end~~~#0000FF^^0~832~-410^^0~M 835 -407 L 838 -410 L 835 -413","W~825 -480 820 -480 820 -550 735 -550~#008800~1~0~none~gge3527~0","W~825 -470 815 -470 815 -505 735 -505~#008800~1~0~none~gge3529~0","W~825 -460 735 -460~#008800~1~0~none~gge3531~0","W~825 -420 820 -420 820 -285 735 -285~#008800~1~0~none~gge3533~0","W~825 -430 815 -430 815 -330 735 -330~#008800~1~0~none~gge3535~0","W~825 -440 810 -440 810 -375 735 -375~#008800~1~0~none~gge3537~0","W~825 -450 805 -450 805 -415 735 -415~#008800~1~0~none~gge3539~0","W~835 -385 825 -385 825 -410~#008800~1~0~none~gge3545~0","F~part_netLabel_gnD~835~-385~0~gge3546~~0^^835~-385^^GND~#000000~822~-359~0~start~1~Times New Roman~9pt~gge3548^^PL~835 -375 835 -385~#000000~1~0~transparent~gge3550~0^^PL~826 -375 844 -375~#000000~1~0~transparent~gge3551~0^^PL~829 -373 841 -373~#000000~1~0~transparent~gge3552~0^^PL~832 -371 838 -371~#000000~1~0~transparent~gge3553~0^^PL~834 -369 836 -369~#000000~1~0~transparent~gge3554~0","N~750~-375~0~#0000ff~PA10~gge3565~start~752~-377.5~Times New Roman~7pt~0","N~750~-285~0~#0000ff~PA15~gge3569~start~752~-287.5~Times New Roman~7pt~0","N~750~-330~0~#0000ff~BOOT1~gge3573~start~752~-332.5~Times New Roman~7pt~0","N~750~-550~0~#0000ff~PB0~gge3581~start~752~-552.5~Times New Roman~7pt~0","N~750~-505~0~#0000ff~PB1~gge3585~start~752~-507.5~Times New Roman~7pt~0","N~750~-460~0~#0000ff~PB14~gge3589~start~752~-462.5~Times New Roman~7pt~0","N~750~-415~0~#0000ff~PB15~gge3593~start~752~-417.5~Times New Roman~7pt~0","R~610~-655~~~270~400~#000000~1~0~none~gge3605~0~","T~L~710~-615~0~#0000FF~~9pt~~~~comment~\u81ea\u5b9a\u4e49\u9f20\u6807\u6309\u952e\u63a5\u53e3~1~start~gge3606~0~pinpart","J~735~-375~2.5~#CC0000~gge3538~0","J~735~-285~2.5~#CC0000~gge3534~0","J~735~-505~2.5~#CC0000~gge3530~0","J~645~-510~2.5~#CC0000~gge3361~0","J~645~-465~2.5~#CC0000~gge3357~0","J~645~-420~2.5~#CC0000~gge3353~0","J~645~-380~2.5~#CC0000~gge3349~0","J~645~-335~2.5~#CC0000~gge3345~0","J~645~-290~2.5~#CC0000~gge3341~0","J~90~-230~2.5~#CC0000~gge2225~0","J~85~-675~2.5~#CC0000~gge1775~0","J~80~-335~2.5~#CC0000~gge1706~0","J~195~-550~2.5~#CC0000~gge1336~0","J~135~-550~2.5~#CC0000~gge1333~0","J~120~-550~2.5~#CC0000~gge1330~0","J~395~-715~2.5~#CC0000~gge466~0","J~275~-705~2.5~#CC0000~gge470~0","J~260~-705~2.5~#CC0000~gge471~0","J~360~-650~2.5~#CC0000~gge546~0","J~395~-695~2.5~#CC0000~gge547~0","J~120~-335~2.5~#CC0000~gge1711~0","J~90~-265~2.5~#CC0000~gge2129~0","J~90~-195~2.5~#CC0000~gge2287~0","J~90~-160~2.5~#CC0000~gge2350~0","J~70~-265~2.5~#CC0000~gge2492~0","J~645~-315~2.5~#CC0000~gge3343~0","J~645~-360~2.5~#CC0000~gge3347~0","J~645~-400~2.5~#CC0000~gge3351~0","J~645~-445~2.5~#CC0000~gge3355~0","J~645~-490~2.5~#CC0000~gge3359~0","J~645~-535~2.5~#CC0000~gge3363~0","J~645~-555~2.5~#CC0000~gge3367~0","J~735~-550~2.5~#CC0000~gge3528~0","J~735~-460~2.5~#CC0000~gge3532~0","J~735~-330~2.5~#CC0000~gge3536~0","J~735~-415~2.5~#CC0000~gge3540~0"],"BBox":{"x":0,"y":-806.8,"width":1149,"height":806.8},"colors":[]}}],"docType":5,"title":"USB_VirtualKeyBoardMouse","name":"USB_VirtualKeyBoardMouse"}